0,0,1.19754,1
0,1,1.85306,4
0,0,1.344462,9
0,0,1.433213,16
0,0,1.568125,25
0,0,1.699891,36
0,0,-.72026259,49
0,0,1.669188,64
0,0,1.675962,16
0,0,1.518398,25
0,0,1.559191,36
0,0,1.72541,49
0,0,1.622022,64
0,0,1.608588,81
0,0,1.572385,100
0,0,1.820334,121
1,0,1.515963,16
1,0,1.735379,25
1,0,1.631744,36
1,0,1.998229,49
1,0,2.1840141,64
1,0,2.2666619,81
1,0,2.0699439,100
1,0,2.8731611,121
0,1,1.894115,4
0,1,1.471159,9
0,0,1.473498,16
0,0,1.740914,25
0,0,1.8232141,36
0,0,1.908273,49
0,0,1.742447,64
1,0,2.135689,81
0,1,1.9487751,25
0,0,1.9622591,36
0,0,1.963297,49
0,0,2.2025161,64
1,0,2.134954,81
1,0,2.125823,100
1,0,1.991017,121
1,0,2.1123929,144
0,0,.25855491,4
0,0,1.319972,9
0,0,1.462085,16
0,0,1.320287,25
0,0,1.703647,36
0,0,1.445803,49
0,0,1.8063641,64
0,0,2.1481199,81
0,0,1.737285,4
0,0,1.989601,9
0,0,2.1899171,16
0,0,1.855463,25
0,0,1.922438,36
1,0,2.061024,49
1,0,1.782202,64
1,0,2.4146819,81
0,0,1.208735,4
0,0,1.1940399,9
0,0,1.170441,16
0,0,1.097965,25
0,0,.76581621,36
0,0,1.1190259,49
0,0,1.119367,64
0,1,.83145952,81
0,1,.50247008,4
0,0,1.064912,9
0,0,1.1894979,16
0,0,1.539889,25
0,0,1.598286,36
0,0,1.737321,49
0,0,1.988456,64
0,0,2.158679,81
0,1,1.005294,4
0,1,.9376874,9
0,1,1.367488,16
0,1,1.378009,25
0,1,1.170184,36
0,0,1.7282211,49
1,0,1.709865,64
1,0,1.8510751,81
0,0,1.130545,4
0,0,.83624798,9
0,0,1.46736,16
0,0,1.071484,25
0,0,1.44592,36
0,0,1.6851161,49
0,0,1.686175,64
0,0,1.7551301,81
0,0,1.5656919,4
0,0,2.493875,9
0,0,1.822662,16
0,0,2.380336,25
0,0,2.217129,36
1,0,2.272032,49
1,0,2.3537991,64
1,0,2.42945,81
0,0,1.918003,9
0,0,.76540768,16
0,0,1.9781851,25
0,0,1.948554,36
0,0,2.0370259,49
0,0,1.902575,64
0,0,1.972604,81
0,0,2.1869819,100
0,0,1.784472,4
0,0,2.1799829,9
0,1,1.963865,16
0,0,2.0449331,25
0,0,2.012861,36
0,0,2.0969861,49
1,0,2.143966,64
1,1,2.2412839,81
0,0,2.0133131,4
0,0,1.962152,9
0,0,2.275641,16
1,0,2.1949179,25
1,0,2.4283371,36
1,0,2.723037,49
1,0,2.9663961,64
1,0,3.065052,81
0,0,1.564181,16
0,0,1.6835459,25
0,0,1.690503,36
1,0,1.660872,49
1,0,1.698051,64
1,0,1.671768,81
1,0,1.635718,100
1,0,1.786971,121
1,1,2.1071899,9
1,1,2.089011,16
1,1,2.0427239,25
1,1,1.308156,36
1,0,1.488152,49
1,0,1.542818,64
1,0,1.535135,81
1,0,1.454336,100
0,1,1.629912,4
0,1,1.775113,9
0,0,1.9672559,16
1,0,2.075186,25
1,0,2.128834,36
1,0,2.268419,49
1,0,1.992139,64
1,0,2.421555,81
0,0,1.7860759,9
0,0,2.280766,16
0,0,2.264266,25
1,0,2.275456,36
1,0,2.208133,49
1,0,2.199852,64
1,0,2.2068999,81
1,0,2.476867,100
0,0,1.643387,9
0,0,1.33558,16
1,0,1.522818,25
1,0,1.418851,36
1,0,.90392739,49
1,0,1.888564,64
1,0,1.78345,81
1,0,1.6980079,100
0,0,1.838197,9
0,1,1.817077,16
0,0,1.6717401,25
0,0,1.572831,36
0,0,1.682546,49
0,0,1.58364,64
0,0,1.773293,81
0,0,1.861079,100
0,0,1.462888,4
0,0,1.570217,9
0,1,1.656602,16
0,0,1.72541,25
0,0,1.772159,36
0,0,2.0110841,49
0,0,1.991017,64
0,0,1.952051,81
0,0,1.652095,4
1,0,1.489535,9
1,0,1.881176,16
1,0,2.0610321,25
1,1,2.4888361,36
1,1,2.430938,49
1,1,2.53456,64
1,1,2.069602,81
1,0,2.165839,25
1,0,2.3254001,36
1,0,2.383651,49
1,0,2.3372121,64
1,0,2.412508,81
1,0,2.384146,100
1,0,2.35203,121
1,0,2.5777569,144
0,0,.97262633,4
0,0,1.003104,9
1,0,1.099635,16
1,0,1.214584,25
1,0,1.319242,36
1,0,1.389742,49
1,0,1.5735379,64
1,0,1.9007,81
0,0,1.682627,25
0,0,1.661706,36
0,0,1.755042,49
0,1,1.753451,64
0,0,1.618008,81
0,0,1.6481791,100
0,0,1.745894,121
0,0,1.727082,144
0,0,1.939345,4
0,0,2.1202641,9
0,0,2.160507,16
0,0,2.489254,25
0,0,2.375694,36
0,0,2.295887,49
0,0,2.2990899,64
0,0,2.5818789,81
0,0,1.386847,4
0,0,2.1275821,9
0,0,.96887022,16
0,0,1.163599,25
0,0,1.356619,36
0,0,1.416253,49
0,1,1.214983,64
0,0,1.639359,81
0,0,.68372512,4
0,0,1.078989,9
0,0,.83963573,16
0,0,1.507569,25
0,0,1.0206521,36
0,0,.54259777,49
0,0,.1147163,64
0,0,.31285179,81
0,0,1.626772,16
0,0,1.880875,25
0,1,1.741197,36
0,1,2.194788,49
1,0,2.0838361,64
1,0,1.918448,81
1,0,2.156714,100
0,0,1.985041,121
0,1,1.396706,4
1,1,1.5198261,9
1,1,1.509153,16
1,1,1.6450419,25
0,1,1.549015,36
1,1,1.826956,49
1,1,1.88368,64
1,1,2.0236609,81
0,1,1.7314169,16
0,0,1.813759,25
0,1,1.700048,36
0,1,1.939649,49
0,0,1.935753,64
0,0,2.0997851,81
0,0,2.1920471,100
0,0,2.0051429,121
0,0,2.8217831,4
0,0,2.1799829,9
1,0,2.309427,16
1,0,2.2513211,25
1,0,2.3522971,36
1,0,2.313848,49
1,0,2.2534201,64
1,0,2.4053531,81
0,0,1.232025,4
0,0,1.366492,9
0,0,1.690503,16
0,0,1.660872,25
0,0,1.555876,36
0,0,-.71412557,49
0,0,1.4684809,64
0,0,.51300579,81
1,1,1.9595799,4
0,0,1.893339,9
1,1,3.096216,16
1,1,1.910813,25
1,0,1.6152641,36
1,0,2.0765281,49
1,0,2.1075399,64
1,0,2.1555851,81
0,0,1.6556391,16
1,0,1.464256,25
1,0,1.007828,36
1,0,1.477949,49
1,0,.61872017,64
0,0,2.2256241,81
0,0,2.6577311,100
0,0,2.1391921,121
0,0,1.4972709,9
0,0,1.601716,16
0,0,1.504843,25
0,0,1.7980469,36
0,0,1.65289,49
0,0,1.7633851,64
0,0,1.722682,81
0,0,1.762061,100
0,0,.89152843,4
0,0,1.931022,9
0,0,1.90265,16
0,0,1.885375,25
0,0,1.678708,36
0,0,1.896358,49
0,0,1.78837,64
0,0,1.563827,81
0,0,.99252403,9
0,1,2.345145,16
0,1,1.680934,25
1,0,1.9896539,36
1,1,2.448014,49
1,1,2.4501801,64
1,1,2.1722391,81
1,1,2.4159839,100
0,1,1.587762,4
0,1,1.6094379,9
0,1,1.508182,16
0,1,1.555511,25
0,1,1.549015,36
0,0,1.61643,49
1,1,1.825937,64
1,1,1.990435,81
0,0,1.556213,4
0,0,.422912,9
0,0,.71043408,16
0,0,.93172169,25
0,0,-3.5790789,36
0,0,1.3227561,49
0,0,1.3897001,64
0,0,1.5434999,81
0,0,-.37266141,9
0,0,.60631442,16
0,0,.8648805,25
0,0,.51217121,36
0,0,.68391162,49
0,0,.9997493,64
0,0,1.4348609,81
0,0,1.177036,100
0,0,.88368517,4
0,0,1.424867,9
0,0,1.365904,16
0,0,1.3916889,25
0,0,1.79219,36
0,0,1.948283,49
1,0,2.263612,64
1,0,2.6289639,81
0,1,1.562728,1
0,1,1.664498,4
0,0,1.770546,9
0,0,1.7860349,16
0,0,2.0009999,25
0,1,1.6481791,36
0,0,2.125711,49
1,1,1.688419,64
0,0,1.875813,4
0,0,1.956676,9
1,0,1.867254,16
1,0,2.1745329,25
1,0,1.914497,36
1,1,2.017926,49
1,1,2.1176591,64
0,1,1.9776289,81
0,0,1.570451,4
0,0,1.562185,9
0,0,1.569977,16
0,0,1.79412,25
0,0,1.837172,36
1,0,1.813935,49
1,0,2.0383959,64
1,0,1.9059041,81
0,1,.59686291,4
0,0,.4749912,9
0,0,1.090265,16
0,1,1.000002,25
0,1,.83305311,36
0,1,1.401281,49
0,1,1.734129,64
0,1,1.882872,81
0,1,2.0000441,4
1,1,2.3077121,9
1,1,2.3088131,16
0,1,1.880416,25
1,0,1.8699009,36
1,1,2.0791979,49
1,1,1.88745,64
0,0,1.809427,81
0,1,.99758059,4
0,1,.2309867,9
0,1,.4322609,16
0,1,.97415531,25
0,1,.51220989,36
0,0,.94843632,49
0,0,1.282688,64
1,0,1.377867,81
0,0,1.865393,4
0,0,2.1342499,9
0,0,1.040897,16
0,0,1.761968,25
0,0,1.919158,36
0,0,2.257066,49
0,0,2.111954,64
0,0,1.892331,81
0,0,1.175441,4
0,0,1.411612,9
0,0,1.615795,16
0,0,1.688941,25
0,0,1.96155,36
0,0,1.910543,49
0,0,2.0183091,64
0,0,2.2822919,81
1,0,1.568009,9
1,1,1.395864,16
1,1,1.380348,25
1,1,1.494423,36
1,1,1.394864,49
1,1,1.440539,64
1,1,1.596362,81
1,1,1.619917,100
0,0,1.602506,4
0,0,2.0349901,9
0,0,2.2386279,16
0,0,2.2176709,25
0,0,2.4478309,36
0,0,2.6036899,49
0,0,2.35569,64
1,0,2.1869819,81
0,0,.85355848,1
0,0,.89216697,4
0,0,.85004127,9
0,0,.59093767,16
0,0,1.202973,25
0,0,1.554618,36
0,0,1.802116,49
1,0,1.69793,64
0,0,2.135247,4
0,0,2.222542,9
0,0,2.1356699,16
0,0,2.2362361,25
0,0,2.347523,36
1,0,2.414448,49
1,0,.049444899,64
1,0,2.623219,81
0,0,.81939089,4
0,0,.58959472,9
0,0,1.399767,16
0,0,1.555511,25
0,0,1.618008,36
0,0,1.607972,49
0,0,1.610093,64
0,0,1.19745,81
0,0,1.039625,1
0,0,1.359861,4
0,0,1.260502,9
0,0,1.32271,16
0,0,1.7187721,25
0,0,1.3103991,36
0,0,1.411625,49
0,0,1.386204,64
0,1,2.2364571,9
0,1,2.376693,16
1,1,2.386539,25
1,0,2.3846281,36
1,0,2.400285,49
1,0,2.471379,64
1,0,2.2641001,81
1,0,2.2822919,100
0,1,2.0708051,16
0,1,1.988927,25
0,1,1.9781851,36
0,1,2.088315,49
0,1,2.128834,64
0,1,2.207794,81
0,1,2.475409,100
0,1,2.2177539,121
0,0,1.41754,25
0,0,1.478102,36
0,0,1.384884,49
0,0,1.517771,64
1,0,1.427654,81
1,0,1.440539,100
1,0,1.420472,121
1,0,1.381506,144
1,0,1.5576431,4
1,0,1.482438,9
1,0,1.244216,16
1,0,.72082669,25
1,0,.80707759,36
1,0,.82310402,49
1,0,1.109036,64
1,0,2.2386439,81
0,0,1.448,16
0,0,1.752539,25
0,0,1.547403,36
0,0,2.043864,49
0,0,2.152144,64
0,0,2.2672181,81
1,0,2.7473431,100
1,0,2.5771799,121
0,0,.72466367,9
0,0,1.794263,16
0,0,1.1619281,25
1,0,1.4596,36
1,0,1.0282201,49
1,0,1.3033381,64
1,0,1.6498851,81
1,1,1.309185,100
1,0,1.903118,16
1,0,2.021071,25
1,0,1.8954279,36
1,0,2.1225071,49
1,0,1.880372,64
1,0,1.9924771,81
1,0,1.964025,100
1,0,1.929471,121
0,0,1.087997,4
0,0,1.249145,9
0,0,1.547403,16
0,0,1.351703,25
0,0,1.4261169,36
0,0,1.056601,49
0,0,1.264223,64
0,0,2.00001,81
0,0,1.8871239,1
0,0,1.481521,4
0,0,1.2176419,9
0,0,.73758608,16
1,0,1.2887729,25
1,0,1.073506,36
1,0,1.3171721,49
0,0,2.01705,64
0,1,1.111003,36
1,0,1.162093,49
1,1,1.061895,64
1,0,1.127573,81
1,0,1.18918,100
1,1,1.222795,121
1,0,1.164667,144
1,0,1.395895,169
1,0,1.342639,9
1,0,1.406497,16
1,0,1.529703,25
1,0,1.757597,36
1,0,1.90569,49
1,0,1.9662319,64
1,0,2.1404171,81
1,0,2.175559,100
0,0,1.2640769,36
0,0,1.2780811,49
0,0,.99976301,64
0,0,.96542412,81
0,0,1.02862,100
0,0,1.012998,121
1,0,1.28434,144
1,1,1.408174,169
0,0,1.551968,1
0,0,2.128232,4
0,0,2.757776,9
0,0,1.509607,16
0,0,1.933386,25
0,0,2.2776761,36
0,0,2.265224,49
1,0,2.282759,64
0,0,.8810845,9
0,0,2.040221,16
0,0,1.833003,25
0,0,1.7742,36
0,0,1.8223079,49
0,0,2.657274,64
0,0,2.774627,81
0,0,2.8517859,100
0,0,1.54331,25
1,0,1.570217,36
1,0,1.656602,49
1,0,1.660872,64
1,0,2.0009999,81
1,0,1.871322,100
1,0,1.890475,121
1,0,2.0354321,144
0,0,1.413112,4
0,0,1.667773,9
0,0,1.922096,16
0,0,1.741374,25
0,0,2.01105,36
1,0,2.2235429,49
1,0,2.088562,64
1,0,2.3413081,81
0,0,1.3028179,25
0,0,1.330724,36
0,0,1.299566,49
0,0,1.631099,64
0,0,1.659153,81
0,0,1.6481791,100
0,0,1.554003,121
0,0,1.933748,144
0,0,1.853465,4
0,0,1.6094379,9
0,1,1.690503,16
0,1,1.537495,25
1,0,2.041054,36
1,0,1.920112,49
1,0,2.1136191,64
1,0,2.2177539,81
0,0,1.510343,4
0,0,1.510857,9
0,0,1.061895,16
0,0,1.3507169,25
0,0,1.216045,36
0,0,1.173911,49
0,0,1.3404289,64
1,0,1.381506,81
0,0,1.622382,25
0,1,1.752539,36
0,1,1.934756,49
0,1,1.778595,64
0,1,1.868611,81
0,1,2.0110841,100
0,1,2.2513721,121
0,1,2.2505441,144
0,0,1.5307471,25
1,0,1.339993,36
0,0,1.659569,49
1,0,1.383423,64
1,0,1.511506,81
0,0,1.425035,100
1,0,1.44396,121
0,0,1.444379,144
1,0,1.7508661,9
0,0,1.832376,16
0,1,1.755042,25
0,0,1.782105,36
0,0,1.7217669,49
0,1,1.7333111,64
1,0,1.7646821,81
1,0,1.907599,100
0,0,.5567801,4
0,0,1.554713,9
0,0,1.686834,16
0,0,1.644793,25
0,0,2.21279,36
0,0,1.894877,49
0,0,1.791083,64
0,0,2.0587089,81
0,0,1.54331,16
0,0,1.689481,25
1,0,1.8776439,36
1,0,2.5892539,49
1,0,2.7385991,64
1,0,1.861753,81
1,0,1.911142,100
1,0,1.907599,121
0,0,1.0597759,64
0,0,1.467702,81
0,0,1.339763,100
0,0,1.294627,121
0,0,1.251763,144
0,0,1.332203,169
0,0,1.285941,196
0,0,1.286196,225
0,0,1.764698,16
1,0,-.72391891,25
1,0,1.890843,36
1,0,2.088315,49
1,0,2.206275,64
1,0,2.159004,81
1,0,2.221297,100
1,0,1.583854,121
0,1,1.770083,25
0,1,1.601716,36
0,1,1.547403,49
0,1,1.7860349,64
0,1,1.682546,81
0,1,1.720499,100
0,1,1.799961,121
0,1,1.760996,144
0,0,.2062864,4
1,0,1.12105,9
1,1,1.086117,16
1,1,1.2689151,25
1,1,1.099373,36
1,1,1.345229,49
1,0,1.900045,64
1,0,1.5153919,81
0,0,2.0364549,16
0,0,1.142368,25
0,0,1.378536,36
1,0,1.473754,49
0,0,1.474907,64
1,0,1.4162821,81
1,0,1.498433,100
1,0,1.5008529,121
0,1,1.178336,1
0,1,1.0872869,4
0,0,.0077342,9
0,0,.79670489,16
0,0,1.037228,25
0,0,1.208374,36
0,0,1.204459,49
0,0,1.85708,64
0,0,.97439659,9
0,0,2.4651041,16
0,0,1.0550359,25
0,0,1.142765,36
0,0,1.012747,49
0,0,1.0728149,64
0,0,1.059985,81
0,0,.92692667,100
0,0,1.033779,4
0,1,1.292641,9
0,0,1.314466,16
0,0,1.258215,25
0,0,1.647278,36
0,0,1.765962,49
0,0,1.799961,64
1,0,1.8106869,81
1,1,1.375923,25
1,1,1.3539079,36
1,0,1.349577,49
1,0,1.351197,64
1,0,1.370306,81
1,0,1.401319,100
1,0,1.580543,121
1,1,1.635995,144
0,1,.97889781,16
0,0,1.241713,25
0,0,1.25972,36
0,0,1.032263,49
0,0,1.1961941,64
0,0,1.168105,81
0,0,1.366405,100
0,0,1.398313,121
0,0,1.311867,4
1,0,1.222665,9
1,1,1.408867,16
1,0,1.5743411,25
1,0,1.4558589,36
1,0,1.874825,49
1,0,1.873946,64
1,0,1.733726,81
0,0,1.576051,9
1,0,1.742017,16
1,0,1.778827,25
1,0,1.8711621,36
1,0,1.656396,49
1,0,1.78303,64
1,0,1.594825,81
1,0,1.995091,100
1,0,1.324701,4
1,0,1.347074,9
1,0,1.56267,16
1,0,3.2006891,25
1,0,1.8383009,36
0,0,1.8704489,49
0,0,.82576472,64
0,0,1.844714,81
0,0,1.176473,9
0,0,1.324259,16
0,0,1.235966,25
0,0,1.592994,36
0,0,1.725366,49
0,0,1.820029,64
0,0,1.836141,81
0,0,1.861079,100
0,0,2.111691,16
1,0,2.170552,25
1,0,2.1348391,36
1,0,2.0724299,49
1,0,2.0405409,64
1,0,2.0189581,81
1,0,2.167382,100
1,0,1.8734879,121
0,1,.56097919,1
0,0,1.546365,4
0,0,1.531898,9
0,0,1.591879,16
0,0,1.685168,25
0,0,1.6481791,36
0,0,1.565979,49
1,0,2.068423,64
0,1,-.38458189,4
0,1,1.88607,9
0,1,1.987385,16
0,1,2.1366611,25
0,1,1.804234,36
0,0,2.130121,49
0,0,2.631413,64
0,0,2.793118,81
0,0,1.624842,16
0,0,1.616873,25
0,0,1.429619,36
0,0,1.73646,49
0,0,1.716042,64
1,0,1.809021,81
1,0,1.799961,100
1,0,2.183852,121
0,0,1.784472,25
0,1,1.93486,36
0,0,2.0269761,49
0,0,2.109822,64
0,0,2.128834,81
0,1,2.094466,100
0,0,2.2567201,121
0,0,2.9109011,144
0,1,1.461625,4
0,1,1.682905,9
1,0,1.872825,16
1,0,2.043864,25
0,0,2.3503759,36
0,0,2.387136,49
0,0,2.410871,64
0,0,2.480118,81
0,1,1.630321,4
0,1,1.6835459,9
0,1,1.7810169,16
0,1,1.381639,25
0,1,2.0306239,36
0,1,1.810698,49
0,1,2.012398,64
0,1,2.3200331,81
0,0,.64350033,1
0,0,.89794159,4
0,1,1.278797,9
0,1,1.335449,16
0,0,1.5262001,25
0,0,1.434204,36
0,0,.0603747,49
0,0,1.3937761,64
0,0,1.389388,1
0,0,1.241713,4
0,0,.98590881,9
1,0,1.1440541,16
1,0,1.654601,25
0,1,1.6481791,36
0,1,1.33306,49
0,0,1.738181,64
1,0,2.36429,4
1,0,2.3376181,9
1,0,2.41644,16
1,0,2.5138669,25
1,0,2.6476271,36
1,0,2.6362131,49
1,0,2.718755,64
1,0,2.768744,81
0,1,.93717402,4
0,0,1.0188299,9
0,0,1.119959,16
0,0,.83838981,25
0,0,1.246248,36
0,0,1.197978,49
0,0,1.253418,64
0,0,1.301463,81
0,0,1.654456,4
1,0,1.589548,9
1,1,1.748772,16
1,1,1.870592,25
1,1,2.0541101,36
1,1,1.903898,49
1,1,2.0838771,64
1,1,2.2822919,81
0,0,1.448,9
0,0,1.241713,16
1,0,1.380348,25
1,0,.98096961,36
1,0,1.394864,49
1,0,1.401319,64
1,0,1.49458,81
1,0,1.362458,100
0,0,1.005991,4
0,0,1.63741,9
0,0,1.570719,16
0,0,1.7579859,25
1,0,1.90386,36
1,0,1.833582,49
1,0,1.985459,64
1,0,1.948571,81
0,0,1.074008,4
0,0,.96676201,9
0,0,1.324259,16
0,0,.56065798,25
0,0,1.682546,36
0,0,1.858744,49
0,0,1.991017,64
1,0,2.148761,81
1,0,1.166016,16
1,0,1.862029,25
1,0,1.850352,36
1,0,1.834121,49
1,0,1.928381,64
1,0,1.85985,81
1,0,2.009259,100
1,0,2.298619,121
0,0,1.508624,4
0,0,1.506138,9
1,0,1.914808,16
1,0,1.819909,25
1,0,1.693128,36
1,0,1.68208,49
1,0,1.715822,64
1,0,1.747149,81
1,1,2.0235419,16
0,1,2.0042939,25
0,1,1.86106,36
0,1,2.071156,49
1,1,1.995277,64
1,1,1.991969,81
1,1,2.0215039,100
1,1,1.997938,121
0,0,-.24738079,4
0,0,2.2835369,9
0,1,1.2947,16
0,0,1.150046,25
0,0,1.571051,36
0,0,-.74269903,49
0,0,1.8512551,64
0,0,1.97287,81
0,1,1.904956,9
0,0,1.879262,16
1,1,1.746196,25
1,0,2.0931351,36
1,0,1.844764,49
1,0,1.678162,64
1,0,1.765622,81
1,1,1.759842,100
0,1,2.3590591,4
0,0,1.923095,9
0,0,1.404927,16
0,0,.79954988,25
0,0,1.314082,36
0,0,1.261348,49
0,0,1.498433,64
0,0,1.5501291,81
0,0,1.483892,4
1,0,1.233989,9
1,0,1.532616,16
1,0,1.658471,25
1,0,1.816278,36
1,0,2.015903,49
1,0,2.3565719,64
1,1,1.316655,81
0,0,.89439583,4
0,0,1.04335,9
0,0,1.34246,16
0,0,1.311011,25
0,0,1.0125591,36
0,0,1.329874,49
0,0,1.838888,64
0,0,2.2177539,81
1,1,2.0056801,25
1,1,1.759997,36
1,1,1.873217,49
1,0,1.816977,64
1,0,1.869561,81
1,0,2.0584469,100
1,0,2.234247,121
1,0,2.2251339,144
0,0,2.0076151,9
0,0,2.2633641,16
0,0,2.24055,25
0,1,2.3484371,36
0,0,2.488045,49
0,1,2.468286,64
1,1,2.346576,81
1,0,2.490345,100
0,1,1.676566,16
0,1,1.5724339,25
0,1,1.764704,36
1,1,1.815022,49
1,1,1.772159,64
1,1,1.846004,81
1,1,1.845355,100
1,1,1.812289,121
0,0,1.2966,4
0,0,1.61466,9
0,1,1.250571,16
0,1,1.491859,25
1,0,1.890576,36
1,0,1.943643,49
1,0,2.0541959,64
1,0,2.0354321,81
0,0,1.467418,4
0,1,1.961658,9
1,1,2.072073,16
1,1,2.1054709,25
1,1,2.0519309,36
1,1,2.333261,49
1,1,2.471034,64
1,1,2.454143,81
0,0,-.021081001,4
0,0,-.1488456,9
0,0,.1806953,16
0,0,-.036154501,25
0,0,.39734811,36
0,0,.97262132,49
0,0,.56309438,64
0,0,.75906998,81
0,0,1.4620841,25
1,0,.32679319,36
1,0,1.563962,49
1,0,1.113193,64
1,1,1.209603,81
1,0,1.129472,100
1,0,1.354514,121
1,0,.4922438,144
1,1,2.168267,16
1,1,2.4831691,25
1,1,1.900224,36
1,1,2.6029601,49
1,1,2.3287921,64
1,1,2.1897759,81
1,1,2.228549,100
1,1,2.3231139,121
0,0,1.342639,4
0,0,1.2957799,9
0,0,1.233745,16
1,0,1.204113,25
1,0,1.307853,36
1,0,1.4782799,49
1,0,1.458212,64
1,0,1.64977,81
0,0,1.188704,4
0,0,1.485739,9
0,0,1.2234091,16
0,0,1.647449,25
1,0,1.800329,36
1,0,1.871322,49
1,0,1.832206,64
1,0,1.975562,81
0,0,1.387375,1
0,0,1.464857,4
0,0,1.273566,9
1,0,1.443047,16
1,0,1.631253,25
1,0,1.948283,36
1,0,2.0620849,49
1,0,2.127763,64
1,0,1.646451,1
1,0,1.094869,4
0,0,2.0929141,9
0,0,1.387718,16
1,1,1.845065,25
1,0,2.171427,36
0,0,2.3419659,49
1,0,2.015888,64
0,1,1.957224,4
0,1,1.727465,9
0,1,2.058228,16
1,0,2.3903861,25
1,1,2.4297609,36
0,0,2.6290081,49
0,0,2.342639,64
1,0,2.400075,81
1,0,1.091325,9
1,0,1.4457181,16
1,1,1.4505531,25
1,0,1.47855,36
1,0,1.549015,49
1,0,1.4782799,64
0,0,1.49458,81
1,1,1.5891449,100
0,0,1.056437,4
0,0,1.029619,9
0,1,1.381417,16
0,1,1.437728,25
0,1,1.618008,36
0,0,-.59378171,49
1,0,1.640534,64
1,1,1.64977,81
0,0,1.649739,9
1,0,-.4054651,16
1,0,1.005805,25
1,0,1.152694,36
1,0,1.421093,49
1,1,1.2734849,64
1,0,1.23815,81
1,0,1.706928,100
1,0,1.637382,4
1,0,1.719439,9
1,0,1.926892,16
1,0,1.9921319,25
0,0,2.1765649,36
0,0,2.0711031,49
0,0,2.4013009,64
0,0,2.342917,81
0,0,2.0357859,25
0,0,1.929381,36
0,0,1.8988,49
1,0,2.088315,64
1,1,2.023473,81
1,1,2.0110841,100
1,1,2.074398,121
1,1,2.0552349,144
1,0,1.3790981,1
1,0,1.763172,4
1,0,2.1080611,9
1,0,1.811385,16
1,0,1.743171,25
1,0,1.9473571,36
1,0,2.137336,49
1,0,1.812896,64
0,0,1.567888,25
0,0,1.539057,36
0,0,1.285038,49
0,0,1.437728,64
0,0,1.762589,81
0,0,1.514647,100
0,0,1.49458,121
1,0,1.301463,144
0,0,.9020412,4
0,1,1.07881,9
0,1,1.562516,16
0,1,1.844167,25
0,1,1.90569,36
0,1,2.062377,49
0,1,2.166461,64
0,1,2.360254,81
0,0,1.224856,4
0,0,.93463987,9
0,0,1.105123,16
0,0,1.440295,25
0,0,1.2082779,36
0,0,.95503157,49
0,0,1.554003,64
0,0,1.494835,81
0,1,1.197268,4
0,1,.62958568,9
0,0,.58380371,16
0,0,.92540991,25
0,0,1.112002,36
0,0,1.075614,49
0,0,1.476225,64
1,0,1.528574,81
1,1,1.18669,25
1,1,1.306252,36
1,1,1.735641,49
1,0,1.682248,64
1,1,1.872978,81
1,1,1.905983,100
0,1,2.026608,121
0,0,2.0067019,144
0,1,2.185739,16
0,1,2.190017,25
1,1,2.189256,36
1,1,2.1020629,49
1,1,2.143362,64
1,1,2.113796,81
1,1,2.1791101,100
1,1,2.2822919,121
0,0,1.37874,9
0,0,1.049822,16
0,0,1.312425,25
1,0,1.2283781,36
1,0,1.14355,49
1,0,1.266993,64
1,0,1.126232,81
1,0,1.067848,100
1,1,1.462528,16
0,0,1.547507,25
1,0,1.335058,36
1,0,1.219329,49
1,0,1.478322,64
1,0,2.0212941,81
1,0,1.734704,100
1,0,1.78541,121
1,0,1.60215,4
1,0,1.634756,9
1,0,1.7392941,16
1,0,1.781121,25
1,0,1.805087,36
1,0,2.0996571,49
1,0,2.0664721,64
1,0,1.9300719,81
0,0,.33982611,16
1,0,.7121954,25
1,1,1.144321,36
1,0,.98079008,49
1,1,1.588791,64
1,1,1.82145,81
1,1,1.964918,100
1,1,1.989131,121
0,0,1.918003,9
1,0,1.847849,16
1,0,1.973173,25
1,0,2.101275,36
1,0,2.0454521,49
1,0,2.1103389,64
1,0,2.0871861,81
1,0,2.0768881,100
1,1,1.711226,16
1,1,1.655594,25
1,0,1.680934,36
1,0,1.5626709,49
1,0,1.641203,64
1,0,1.53585,81
1,1,1.563573,100
1,0,1.6189981,121
0,0,.94864053,4
0,0,1.067386,9
0,1,1.2754689,16
0,0,1.219726,25
0,0,1.069442,36
1,0,1.244688,49
1,0,1.030274,64
1,0,1.44161,81
0,0,1.840042,4
0,0,1.798149,9
0,0,2.0988989,16
0,0,2.2670071,25
0,0,2.3694241,36
0,0,2.3960509,49
0,0,2.4528351,64
0,0,2.5777569,81
1,1,1.2193871,4
1,0,1.295189,9
0,1,1.039369,16
0,0,1.1155159,25
0,1,1.2330509,36
1,0,1.360497,49
0,0,1.570747,64
0,1,1.5891449,81
1,1,2.1411469,9
1,1,2.156157,16
0,1,2.2622111,25
0,1,2.2850261,36
0,1,2.4363179,49
0,1,2.309577,64
0,1,2.35203,81
0,1,2.3130641,100
1,0,1.54331,36
1,0,1.562185,49
1,1,1.502951,64
1,0,.88094199,81
1,1,.2311127,100
1,0,1.2008671,121
1,0,.90964621,144
1,0,1.0207011,169
0,0,.75485241,16
0,0,1.088662,25
1,1,1.017159,36
1,0,.9897033,49
1,1,1.010018,64
1,0,1.053766,81
1,0,.92501372,100
1,0,.90242893,121
1,0,1.448,25
1,0,1.347074,36
1,0,1.285038,49
1,0,1.3507169,64
1,1,1.435686,81
1,0,1.440539,100
1,0,1.628111,121
1,0,1.678757,144
0,0,1.788325,9
0,1,1.6835459,16
0,0,1.872825,25
1,0,1.660872,36
1,0,1.618008,49
1,0,1.6481791,64
0,0,1.688736,81
0,0,1.760996,100
0,1,1.60215,16
1,0,1.570217,25
1,1,1.667689,36
1,1,1.354867,49
1,1,1.51871,64
1,1,1.514647,81
1,0,1.745894,100
1,1,1.952051,121
1,0,1.978628,9
1,0,2.149075,16
1,0,2.297708,25
1,0,2.0857551,36
1,0,2.186403,49
1,0,2.0110841,64
1,0,2.033576,81
1,0,1.907599,100
0,1,1.109545,4
1,0,1.281934,9
1,0,1.253878,16
0,0,1.2650681,25
0,0,1.261333,36
1,0,1.273736,49
1,0,1.371682,64
1,1,1.524297,81
1,0,.62408209,4
1,0,1.261551,9
1,0,1.627619,16
1,0,1.62229,25
1,0,1.620273,36
1,0,1.595732,49
1,0,1.717723,64
1,0,1.631644,81
1,0,1.891335,4
1,0,1.788906,9
1,0,1.835085,16
1,0,1.887906,25
1,0,1.847006,36
1,0,1.888944,49
1,0,1.922811,64
1,0,1.833491,81
0,0,1.554879,9
0,0,1.6471781,16
0,0,1.6864949,25
0,0,1.640533,36
0,0,1.743171,49
0,0,2.0260561,64
0,0,1.946565,81
0,0,1.973557,100
0,0,1.479252,16
0,0,1.825712,25
0,0,1.691494,36
0,0,1.808792,49
0,0,1.982567,64
0,0,1.983114,81
0,0,2.826184,100
0,0,2.4111249,121
0,0,1.33685,9
1,1,1.494379,16
1,0,2.0407541,25
1,0,1.992973,36
1,0,1.939213,49
1,0,2.0886631,64
1,0,2.2845769,81
1,0,1.936704,100
0,1,2.293602,9
0,0,1.565737,16
0,0,1.8126529,25
1,0,1.898543,36
1,0,2.007621,49
1,0,2.1435571,64
1,0,3.397526,81
1,0,2.0713501,100
0,0,.37893271,16
0,0,1.07514,25
0,0,.74652272,36
0,0,1.206616,49
0,0,1.185724,64
0,0,1.327397,81
0,0,1.198238,100
0,0,1.408657,121
0,0,1.184034,4
0,0,1.7186641,9
0,0,1.696498,16
0,0,1.72541,25
0,0,1.975124,36
0,0,.94193089,49
0,0,1.420472,64
0,0,1.6464781,81
0,0,1.162724,36
0,0,1.2039731,49
0,0,1.0808769,64
0,0,.83256638,81
0,0,1.182237,100
0,0,1.360497,121
0,0,1.357177,144
0,0,1.381506,169
1,0,1.666561,4
1,0,1.337504,9
1,0,1.372461,16
1,0,1.577875,25
1,0,1.114503,36
1,0,1.708019,49
1,0,1.800527,64
1,0,1.960709,81
0,0,1.304899,9
0,0,1.316561,16
1,0,1.73181,25
1,0,1.531016,36
1,0,1.920218,49
1,0,1.578366,64
1,0,2.0500569,81
1,0,1.946507,100
0,0,1.400209,9
0,0,1.625932,16
0,0,1.907714,25
0,0,1.7050509,36
0,0,1.818679,49
1,0,1.772909,64
1,0,1.723421,81
1,0,2.043401,100
0,1,1.4581029,1
1,1,1.760079,4
1,1,1.7886781,9
1,1,2.052928,16
1,0,2.4364779,25
1,0,2.901423,36
1,0,3.0795701,49
1,0,2.6246991,64
0,1,2.0685761,16
1,1,2.158004,25
1,1,2.201329,36
1,1,2.092654,49
1,1,2.475539,64
1,1,2.2169859,81
1,1,2.2672651,100
1,1,2.2771771,121
0,1,1.8639359,25
0,1,1.617106,36
0,1,1.86696,49
0,1,1.782387,64
1,1,1.868832,81
1,1,1.803321,100
1,1,1.665594,121
1,1,1.716979,144
0,0,2.1411469,4
0,0,2.201489,9
0,0,2.1811261,16
0,0,2.2670071,25
0,0,2.4215031,36
0,0,2.430938,49
0,0,2.5836229,64
0,0,2.6495359,81
1,0,1.515658,16
1,0,1.293767,25
1,0,1.367689,36
1,0,1.676213,49
1,1,1.9755419,64
1,1,2.133687,81
1,1,2.1136191,100
1,1,2.183852,121
0,0,.59113228,1
0,0,.68898922,4
0,0,.84678328,9
0,0,1.192522,16
0,0,.96181118,25
0,0,.88613188,36
0,0,1.000118,49
0,0,1.7234091,64
0,0,.48365149,4
0,0,.030459199,9
0,0,.68768221,16
0,0,.67558801,25
0,0,.64653718,36
0,0,.95503157,49
0,0,1.563573,64
1,0,1.301463,81
0,1,1.630321,9
0,1,1.93486,16
0,1,1.926892,25
0,1,1.62005,36
0,1,2.0454521,49
0,1,2.133687,64
0,1,1.946565,81
0,1,2.0354321,100
0,0,1.978243,4
0,0,1.7438101,9
0,0,1.929395,16
0,0,2.0610321,25
1,0,2.264565,36
0,0,2.152735,49
0,0,2.28951,64
0,0,2.3130641,81
0,1,1.602733,16
0,1,2.1994009,25
0,1,1.6082439,36
0,0,1.378009,49
0,1,1.8543971,64
0,0,1.514647,81
0,0,1.661634,100
0,1,2.374758,121
0,0,1.740221,9
0,0,1.853758,16
1,0,1.926,25
1,0,2.0107639,36
1,0,2.0168231,49
1,0,2.046675,64
1,0,2.238492,81
1,0,2.2457221,100
0,0,.91634732,4
0,0,1.449234,9
0,0,1.926892,16
0,0,2.043864,25
0,0,2.1486361,36
1,0,2.171427,49
1,0,2.239913,64
1,0,2.2822919,81
0,1,1.978628,9
0,1,1.93486,16
0,1,1.818555,25
0,1,1.943541,36
0,1,1.866637,49
0,1,2.019397,64
0,1,1.943085,81
0,0,1.553184,100
0,1,1.496353,49
0,1,1.778061,64
0,1,1.832702,81
0,1,1.972959,100
0,1,1.02862,121
0,0,1.493842,144
0,0,1.3404289,169
1,0,1.9003,196
0,1,1.790994,9
0,1,1.84711,16
1,1,1.68065,25
1,1,1.77776,36
1,1,1.789453,49
1,1,1.7933609,64
1,1,2.192091,81
1,1,1.844475,100
1,0,1.696044,16
1,0,1.586091,25
1,0,1.56267,36
1,0,1.57749,49
1,0,1.584106,64
1,0,1.391749,81
1,0,1.602793,100
1,0,1.614858,121
0,1,1.876349,9
1,1,1.820502,16
1,1,1.872126,25
1,1,2.0931351,36
1,1,2.2721529,49
1,0,2.1523149,64
1,0,2.23561,81
1,0,2.2995839,100
0,1,1.64685,4
0,1,1.819177,9
0,1,1.627619,16
0,1,2.1538291,25
0,1,2.733778,36
0,1,2.333663,49
0,0,1.622996,64
0,0,1.76034,81
0,0,1.641714,16
0,1,1.573733,25
0,0,.91062218,36
0,1,1.150046,49
0,1,1.5044661,64
0,1,1.574532,81
0,1,1.508764,100
0,1,1.678757,121
0,0,1.320166,4
0,1,.69985729,9
0,0,1.285038,16
0,0,1.660872,25
0,1,1.565942,36
0,1,1.7088031,49
0,0,1.75289,64
0,0,1.690241,81
0,0,1.206918,9
0,0,1.443453,16
0,0,.62588072,25
0,0,1.860261,36
0,0,2.1675329,49
0,0,2.273643,64
1,0,2.370996,81
1,0,2.3338881,100
0,0,1.2332309,4
1,0,1.3151979,9
1,1,1.276202,16
1,0,1.552004,25
1,0,1.288131,36
1,0,1.276819,49
1,0,1.396718,64
1,0,1.768034,81
0,0,1.208285,1
0,0,1.255266,4
0,0,-.26904961,9
0,0,.72176617,16
0,0,.37035999,25
0,0,1.015656,36
0,0,1.057566,49
0,1,1.6834559,64
0,1,1.638043,36
0,1,1.106141,49
0,0,1.593446,64
0,0,1.58788,81
0,0,2.0014811,100
0,0,1.7282211,121
0,0,1.684623,144
0,0,1.9300719,169
0,0,1.39191,1
0,0,1.820159,4
0,0,.60947257,9
0,0,1.492062,16
0,0,1.807325,25
0,0,1.849918,36
0,0,1.986986,49
0,0,3.343164,64
0,0,1.358387,9
0,0,1.376632,16
0,0,1.547403,25
0,1,1.8431931,36
0,0,2.128834,49
0,0,2.0536439,64
0,0,1.7766221,81
0,1,2.4093151,100
0,0,1.231923,1
0,1,1.175223,4
0,0,1.558332,9
1,0,1.631099,16
1,0,1.889625,25
1,0,2.065249,36
1,0,2.074398,49
1,0,2.2822919,64
0,0,1.238076,1
0,0,1.306488,4
0,1,1.6329,9
0,0,1.5542049,16
0,0,1.78263,25
1,0,1.9603339,36
1,0,2.1409111,49
1,0,2.2177539,64
0,1,1.973895,9
0,1,2.390996,16
0,0,2.356251,25
0,1,2.5622499,36
0,1,2.6357751,49
0,1,2.64253,64
0,1,2.806766,81
0,1,2.812798,100
0,0,.52023637,1
0,0,.0578495,4
0,0,1.111225,9
0,0,1.182083,16
0,0,1.318163,25
0,0,1.3414479,36
0,0,2.0407121,49
1,0,1.81537,64
0,0,1.356192,9
0,0,1.0809129,16
0,0,.61622322,25
0,0,.98488259,36
0,0,.77153832,49
0,0,1.209428,64
0,0,2.044626,81
0,0,1.649022,100
0,0,1.451411,4
0,0,1.42149,9
0,0,1.565358,16
1,0,1.99951,25
1,0,1.722743,36
1,0,1.8207819,49
1,0,2.04285,64
1,0,1.933081,81
0,0,1.227121,4
0,0,1.529395,9
0,0,1.7356811,16
0,0,1.741438,25
1,0,1.949175,36
1,0,2.175534,49
1,0,1.976418,64
1,0,2.0999711,81
0,0,1.572113,9
0,0,2.2178199,16
0,0,.9842217,25
0,0,1.302155,36
1,0,1.845065,49
1,0,1.910543,64
1,0,2.3212581,81
1,0,2.4646139,100
0,0,1.934358,4
0,0,2.040221,9
0,0,1.9781851,16
0,0,2.020874,25
1,0,2.1680541,36
1,0,2.094466,49
1,0,1.5789419,64
1,0,1.168413,81
0,0,1.18012,4
0,0,.95234978,9
0,0,1.3879091,16
1,0,1.468981,25
1,0,1.929643,36
1,0,2.0445139,49
1,0,1.883831,64
1,0,2.1123929,81
0,0,1.3378429,1
0,0,2.2082219,4
0,0,1.997604,9
0,0,2.055537,16
0,0,1.873734,25
1,0,2.010159,36
1,0,2.0328369,49
1,0,2.195281,64
0,0,2.122098,4
0,0,.65392649,9
0,0,1.582382,16
0,0,1.335449,25
0,0,1.921194,36
0,0,.76525921,49
0,0,1.539819,64
0,0,2.0354321,81
0,0,.2561188,4
0,0,-1.2598799,9
1,1,1.547403,16
1,1,1.591879,25
1,1,1.6572289,36
1,1,1.58364,49
0,0,1.596362,64
1,1,1.5246069,81
0,0,1.1908261,4
0,0,1.57288,9
0,0,2.167335,16
0,0,1.859256,25
0,0,2.0362949,36
0,0,2.139956,49
0,0,2.194541,64
0,0,2.0768881,81
0,0,1.6018831,1
0,0,1.376647,4
0,0,1.348356,9
0,0,1.216156,16
0,0,1.253978,25
0,0,1.5055439,36
0,0,1.527033,49
0,0,1.6978559,64
0,0,2.130712,9
0,0,2.002481,16
0,0,2.160507,25
0,0,1.980394,36
0,0,2.159004,49
0,0,2.242758,64
0,0,2.3212581,81
1,0,2.5515771,100
0,1,1.679111,25
0,1,1.534714,36
0,1,1.6600471,49
0,1,1.700092,64
0,1,1.4864399,81
0,1,1.68208,100
1,0,1.478807,121
1,1,1.547057,144
0,1,2.165839,16
0,1,2.089011,25
0,1,2.1265621,36
0,1,2.1308751,49
0,1,2.128834,64
0,1,2.094466,81
1,1,2.074398,100
1,0,2.0354321,121
0,1,.93184632,1
0,0,1.9584889,4
0,0,1.739203,9
0,0,1.877426,16
0,0,2.529844,25
0,0,3.449363,36
0,0,2.8627491,49
0,0,3.0162621,64
0,0,1.710364,16
1,0,1.6094379,25
1,0,1.592523,36
1,0,1.591879,49
1,1,1.692075,64
1,1,1.871322,81
1,1,1.8512551,100
1,1,1.952051,121
1,1,2.063185,25
1,1,2.040221,36
1,1,2.201329,49
1,1,2.0663371,64
1,1,1.978011,81
1,1,1.924595,100
0,1,2.1498361,121
0,0,1.9211431,144
0,1,1.6711431,9
0,1,1.6094379,16
0,0,1.821839,25
0,0,1.8431931,36
1,1,1.931699,49
1,1,1.943333,64
1,0,1.9019229,81
1,1,2.001267,100
0,0,1.964308,16
1,0,2.064914,25
1,0,2.0269761,36
1,0,2.088315,49
1,0,2.088012,64
1,0,2.207794,81
1,0,2.187727,100
1,0,2.148761,121
0,0,1.443203,4
0,0,1.417166,9
0,0,1.652763,16
0,0,1.693661,25
0,0,1.682546,36
0,0,1.678223,49
0,0,1.481683,64
1,0,1.43726,81
0,0,1.126323,4
0,0,.2309867,9
0,0,2.2271271,16
0,0,2.1716969,25
1,0,2.2204411,36
1,0,2.1814771,49
1,0,2.4390409,64
1,0,2.5104229,81
1,1,1.6711431,4
1,1,2.0249529,9
1,1,-.48730311,16
1,1,1.861542,25
1,1,1.944911,36
1,1,1.871322,49
1,1,1.942237,64
1,1,2.0334301,81
0,0,1.11888,4
0,0,1.83924,9
1,1,1.892764,16
1,1,1.957348,25
1,1,2.032702,36
1,1,2.1883931,49
0,1,2.3037751,64
0,1,2.2772119,81
0,0,1.7669981,9
0,0,1.8012969,16
0,0,1.9258831,25
0,0,2.043864,36
0,0,2.1299019,49
1,0,2.159004,64
1,0,2.2238939,81
1,1,2.130743,100
0,1,2.010241,25
0,1,2.072186,36
0,0,2.2616031,49
1,1,2.2109179,64
1,1,2.242162,81
1,1,2.0800819,100
1,0,2.138937,121
1,1,2.1605949,144
0,0,.90724182,49
0,0,.074723497,64
0,0,.1715795,81
0,0,.94800258,100
0,0,1.227071,121
0,0,.43545309,144
0,0,.63881201,169
0,0,1.677556,196
0,0,1.508498,16
0,1,1.831605,25
0,1,1.50658,36
0,1,1.631655,49
0,1,1.545017,64
0,1,1.820029,81
0,1,1.641958,100
0,0,1.688991,121
1,0,1.842216,9
1,0,1.73619,16
1,0,2.2919919,25
1,0,1.838029,36
1,0,2.3319421,49
1,0,2.2888789,64
1,0,2.510144,81
1,0,2.460952,100
1,0,1.670646,4
1,0,1.9392771,9
1,0,2.0495851,16
1,0,2.010247,25
1,0,2.0917921,36
0,0,2.023339,49
0,0,1.975598,64
1,0,1.853111,81
0,0,1.6744111,16
0,0,1.791759,25
0,0,1.518798,36
0,0,1.72541,49
0,0,1.648645,64
0,0,1.77767,81
0,0,1.773293,100
1,0,1.812289,121
0,0,-1.103047,4
1,0,1.863826,9
1,0,1.74433,16
1,0,2.112884,25
1,0,2.081043,36
1,0,2.4019511,49
1,0,2.493109,64
1,0,2.72858,81
0,0,1.6805249,1
0,0,1.703229,4
0,1,1.668849,9
0,1,2.0187719,16
0,1,2.023874,25
0,1,2.122081,36
0,1,2.014528,49
0,1,2.148761,64
0,0,1.256109,1
0,0,1.716536,4
0,0,1.721012,9
0,0,1.764631,16
1,0,2.14747,25
1,0,2.089442,36
1,0,2.148428,49
1,0,2.1604691,64
1,1,1.9487751,4
1,1,2.040221,9
1,1,2.0665171,16
1,1,2.2109179,25
1,1,2.0840449,36
1,1,2.094466,49
1,1,1.9804,64
1,1,1.997931,81
0,0,1.173124,9
0,0,1.318882,16
0,0,1.480381,25
0,0,1.6137511,36
0,0,1.40684,49
1,0,1.391749,64
1,0,1.291639,81
1,0,1.332716,100
0,0,1.440416,9
0,0,1.413946,16
0,0,1.547403,25
0,0,1.768829,36
0,0,1.766428,49
0,0,1.871322,64
0,0,1.710272,81
0,0,1.610347,100
0,1,2.2493601,9
0,1,2.3597441,16
1,1,2.2797699,25
1,1,2.320117,36
1,1,2.304466,49
1,1,2.4019511,64
1,1,2.4390409,81
1,1,2.454143,100
0,0,1.998046,4
0,0,1.89316,9
0,0,1.8523901,16
0,0,1.62053,25
0,0,1.996204,36
0,0,1.583859,49
1,0,1.849038,64
1,0,2.059149,81
0,1,.5945394,1
0,0,.54616499,4
0,0,.95269543,9
0,0,.77137911,16
0,0,2.0282919,25
0,0,1.965131,36
0,0,1.905589,49
0,0,1.655943,64
0,0,1.448,9
0,1,1.328025,16
0,1,1.52393,25
0,0,1.59496,36
0,1,2.445154,49
1,0,1.736065,64
1,1,1.693307,81
1,1,1.9829381,100
0,0,1.6112731,81
0,0,1.752539,100
0,0,1.671455,121
1,0,1.437728,144
1,0,1.90569,169
1,0,1.42401,196
1,0,1.803861,225
1,0,1.5246069,256
0,0,2.0076151,16
0,0,2.1799829,25
0,0,1.9781851,36
0,0,1.948554,49
0,0,2.088012,64
0,0,2.094466,81
0,0,1.991017,100
1,0,2.0354321,121
0,0,.85686731,4
0,0,1.332504,9
1,0,1.3052109,16
1,0,1.214584,25
0,0,1.247925,36
0,1,1.463114,49
0,0,1.3404289,64
0,0,2.0438809,81
0,1,1.314949,1
0,0,1.194173,4
0,0,.90092719,9
0,0,1.2545331,16
0,0,1.382889,25
0,0,1.612619,36
0,0,1.868714,49
1,0,1.8152519,64
1,0,1.43843,36
1,0,1.541708,49
1,0,1.4197479,64
1,0,1.679983,81
1,0,1.388999,100
1,0,1.434674,121
1,0,1.5570689,144
1,0,1.484659,169
0,0,2.2042501,16
0,0,2.4116559,25
0,0,2.3146579,36
0,0,2.5081689,49
0,0,2.5988369,64
0,0,2.7003739,81
1,0,2.741447,100
1,0,2.66344,121
1,1,2.5641339,9
1,1,2.5102241,16
1,1,2.5933709,25
1,1,2.5637391,36
1,1,2.465306,49
1,1,2.61326,64
1,1,2.645498,81
1,1,2.2822919,100
1,0,1.777172,0
1,0,1.89712,1
1,0,2.0269761,4
1,0,2.1308751,9
1,0,2.0454521,16
1,0,2.235965,25
1,0,2.1136191,36
1,0,2.148761,49
0,0,1.171367,4
0,0,1.843053,9
0,0,1.1611691,16
0,0,.91777259,25
0,0,.92710239,36
0,0,1.455807,49
0,0,1.373219,64
0,0,1.448445,81
0,1,.99333191,16
0,1,.98466802,25
0,1,1.242137,36
0,1,1.784834,49
0,1,1.833685,64
0,0,1.517054,81
0,1,1.628111,100
0,1,1.426626,121
0,1,1.6804579,4
0,1,2.2900059,9
0,1,2.028579,16
1,1,1.758649,25
1,1,2.003093,36
0,0,1.474595,49
1,0,2.35203,64
1,0,1.388474,81
0,1,1.1957951,16
0,0,1.397355,25
0,0,1.517895,36
1,0,1.7860349,49
0,0,1.251763,64
0,0,1.306227,81
0,0,1.4481961,100
0,1,1.364977,121
0,0,1.459484,4
0,0,1.592909,9
0,0,1.398367,16
0,0,1.82072,25
0,0,1.682546,36
0,0,1.557776,49
0,0,1.3404289,64
0,0,1.2102751,81
0,1,2.117404,4
0,1,2.2671931,9
0,1,1.991295,16
0,1,2.1405621,25
0,1,2.1680541,36
0,1,1.936594,49
0,1,1.601009,64
0,1,1.711334,81
1,0,1.854152,81
1,0,1.80513,100
0,0,1.872825,121
1,0,1.978112,144
0,1,1.999408,169
0,0,2.188746,196
0,0,2.074398,225
0,0,1.504885,256
1,0,1.229391,16
1,0,1.418341,25
1,1,1.070392,36
1,0,.8207249,49
1,0,1.236496,64
1,0,1.291504,81
1,0,1.360232,100
0,0,1.0346709,121
1,0,1.802248,9
1,0,1.785329,16
1,0,1.815667,25
1,0,1.875983,36
1,0,1.800329,49
1,0,1.820029,64
1,0,1.4755321,81
1,0,1.800216,100
0,1,2.112709,4
0,0,2.229254,9
1,0,1.533609,16
1,0,1.638399,25
1,0,1.699028,36
0,0,1.617569,49
1,0,1.6309119,64
1,0,1.704527,81
0,0,1.0619529,4
0,0,1.0168231,9
0,0,1.244216,16
0,0,1.169464,25
0,0,1.10581,36
0,0,.63757741,49
0,0,.60954159,64
1,0,1.715748,81
0,0,1.721293,1
1,1,1.981609,4
1,0,1.209656,9
0,1,1.4672869,16
1,1,1.7975481,25
1,1,2.153105,36
1,1,1.991017,49
1,1,2.183852,64
0,0,1.742113,16
0,0,1.360413,25
0,0,1.289858,36
0,0,1.224947,49
0,0,1.212543,64
0,0,1.133723,81
0,0,1.11282,100
0,0,1.311341,121
0,0,.4064126,4
0,0,.040821999,9
0,0,.99114048,16
0,0,.51255381,25
0,0,.73177987,36
0,0,1.2076401,49
0,0,1.3404289,64
0,0,1.348406,81
1,0,1.54331,9
1,0,1.6835459,16
1,0,1.479457,25
1,0,1.150046,36
1,0,1.1422009,49
1,0,1.7088031,64
1,0,1.745894,81
1,0,1.706928,100
0,1,2.1411469,9
0,1,2.0641739,16
1,0,1.407256,25
1,0,1.486518,36
1,0,1.512647,49
1,0,1.61643,64
1,1,1.7306269,81
1,1,1.913385,100
0,0,-.035206299,4
0,0,.2835241,9
1,0,1.263471,16
1,0,1.548087,25
1,0,2.0689969,36
1,0,1.490737,49
1,0,1.775165,64
1,0,1.125572,81
0,1,1.810905,16
0,1,1.95139,25
1,1,1.977312,36
1,1,2.1147959,49
1,1,2.197042,64
1,0,2.198225,81
1,0,1.938266,100
0,0,1.960461,121
0,0,1.630321,4
0,1,2.089011,9
0,0,2.0152349,16
0,1,2.0342939,25
0,0,2.088012,36
0,0,1.797214,49
0,0,2.3212581,64
0,0,1.5246069,81
0,0,1.304899,4
0,1,1.630491,9
0,0,1.6518379,16
0,0,2.2552691,25
0,0,1.90569,36
0,0,1.703077,49
0,0,2.0280969,64
1,0,2.3403561,81
0,0,1.323827,25
1,0,1.450833,36
1,0,1.297351,49
1,0,1.393659,64
1,0,1.005259,81
1,0,1.491696,100
1,0,1.568892,121
1,0,1.5991499,144
0,1,.89058399,1
0,0,.92706281,4
0,0,1.101958,9
0,0,1.0478801,16
0,0,1.7605079,25
1,0,1.310138,36
1,0,1.6673321,49
1,1,1.711748,64
0,1,2.26702,1
0,1,2.125205,4
1,1,2.0734961,9
0,1,2.043864,16
0,1,2.3671851,25
0,1,2.1290679,36
1,1,2.033576,49
1,1,2.0354321,64
0,1,2.0552039,4
0,1,1.997862,9
0,1,2.03881,16
0,1,2.174104,25
0,1,1.988279,36
0,1,1.921912,49
0,1,2.0352869,64
0,1,1.853912,81
0,0,-.69601798,4
0,0,1.718974,9
0,0,1.805757,16
0,0,1.236358,25
0,0,1.83875,36
0,0,1.615744,49
1,0,1.582991,64
1,1,1.948359,81
0,0,1.759467,9
0,0,1.423336,16
0,0,1.446898,25
0,0,1.547218,36
0,0,1.543262,49
1,0,1.51421,64
1,0,1.518912,81
1,1,2.559309,100
0,0,.63621497,4
0,0,.86202109,9
0,0,1.06416,16
0,0,1.3507169,25
0,0,1.492267,36
0,0,1.53485,49
0,0,1.732522,64
0,0,1.8772939,81
0,0,1.595672,4
0,0,1.793051,9
0,0,1.815667,16
0,0,2.11692,25
0,0,2.389487,36
1,0,2.4894221,49
1,0,2.506181,64
1,0,2.6007459,81
1,0,.94170338,9
1,1,1.243194,16
1,1,1.380348,25
1,1,1.140937,36
1,1,1.474907,49
1,1,1.4782799,64
1,1,1.596362,81
1,1,1.706928,100
1,1,2.089854,25
1,0,2.1799829,36
1,1,2.3497491,49
1,1,2.1716969,64
1,1,2.281383,81
1,1,2.207794,100
1,0,2.2567201,121
1,1,2.2177539,144
0,1,1.7904069,16
1,1,1.871802,25
1,1,1.328815,36
1,1,1.657751,49
1,1,1.774946,64
1,1,1.85112,81
1,1,1.900045,100
1,0,1.952051,121
1,1,1.961678,25
1,1,1.6545579,36
1,1,1.76421,49
1,1,1.700092,64
1,1,1.781913,81
1,1,1.752319,100
1,1,1.865783,121
1,1,1.767781,144
0,0,.73214221,4
0,0,.97624213,9
0,0,.74505597,16
0,0,1.059994,25
0,1,1.578017,36
0,0,1.730497,49
0,0,1.723421,64
0,1,1.934613,81
0,0,.98856139,4
0,0,1.501264,9
0,1,1.8016371,16
0,0,1.097417,25
0,0,1.02862,36
0,0,1.336743,49
1,0,1.711493,64
1,0,1.118541,81
0,0,1.139698,9
0,0,.75077629,16
0,0,.98066932,25
0,0,1.072284,36
0,0,.70422018,49
1,0,.68676758,64
1,0,1.546273,81
1,0,1.5246069,100
0,0,1.286322,4
0,1,1.64825,9
1,0,2.296639,16
1,0,2.2850261,25
1,0,2.5208759,36
1,0,2.513176,49
1,0,2.5931921,64
1,0,2.5777569,81
0,0,1.326878,4
0,0,1.063067,9
0,0,.99735618,16
0,0,1.196187,25
0,0,1.261333,36
0,0,1.2734849,49
0,0,1.3404289,64
0,0,1.342285,81
0,1,1.695886,4
1,1,1.817077,9
1,1,1.929545,16
1,1,1.967783,25
1,1,2.2598619,36
1,1,2.430938,49
0,1,2.410871,64
0,1,2.454143,81
1,0,1.37308,4
1,0,1.502828,9
1,0,1.2555619,16
1,0,1.362728,25
1,0,1.675361,36
1,0,1.820029,49
1,0,1.900045,64
1,0,1.895961,81
0,0,1.575833,16
0,0,1.570217,25
1,0,1.52271,36
1,0,1.543916,49
1,0,1.680931,64
1,1,1.765962,81
1,1,1.745894,100
1,1,1.760996,121
0,1,1.466943,4
1,1,1.434721,9
1,0,1.392662,16
1,1,1.481745,25
1,1,1.091682,36
1,0,1.447708,49
1,0,1.240995,64
1,0,1.410911,81
1,1,1.168766,16
1,1,1.225026,25
1,1,1.027527,36
1,1,1.378009,49
1,1,1.7102211,64
1,1,1.562236,81
1,1,1.576818,100
0,1,1.537852,121
0,0,1.199538,16
0,0,.89924932,25
0,0,1.012074,36
0,0,1.193531,49
0,0,1.295228,64
0,0,1.439539,81
0,0,.5823878,100
0,0,1.326156,121
0,1,1.652022,16
1,1,1.5961339,25
1,0,1.516631,36
1,1,1.6254489,49
1,0,1.492244,64
1,0,1.432757,81
1,0,1.46584,100
1,1,1.861079,121
0,0,.88838381,16
0,0,1.069198,25
0,0,1.380348,36
0,0,1.255406,49
0,0,1.394864,64
1,0,1.2734849,81
1,0,1.102018,100
1,0,1.060782,121
0,0,1.886376,1
0,0,2.0487261,4
0,0,2.3486021,9
1,0,2.4005389,16
1,0,2.4934771,25
0,0,2.5156789,36
0,0,2.5679319,49
1,0,2.545115,64
0,0,1.9487751,4
0,0,2.201489,9
0,0,2.366843,16
0,0,2.3097179,25
1,0,2.1192639,36
1,0,2.5019081,49
1,0,2.3212581,64
1,0,2.454143,81
0,0,.51017177,9
0,0,1.096115,16
0,0,1.243191,25
1,0,1.307119,36
1,0,1.492503,49
1,0,1.6929049,64
0,0,2.0277929,81
0,0,2.344943,100
1,0,.87474102,9
1,0,1.699294,16
1,0,2.0427239,25
1,0,1.970533,36
1,0,2.288682,49
1,0,1.989663,64
1,0,1.954734,81
1,0,1.859542,100
1,0,2.1545141,4
1,0,1.9004591,9
1,0,2.017406,16
1,0,1.184428,25
1,0,1.390643,36
1,0,2.296206,49
1,0,2.3212581,64
1,0,2.350827,81
1,1,2.0559399,16
1,0,2.1290519,25
1,1,2.278132,36
1,1,2.0539141,49
1,1,1.866688,64
1,1,2.3348689,81
1,1,2.5316629,100
0,1,2.4668541,121
0,0,1.823693,9
1,0,1.817077,16
1,0,1.58085,25
1,0,1.73763,36
0,0,2.073941,49
0,0,1.7847919,64
0,0,1.799961,81
0,0,2.176106,100
0,0,1.374715,9
0,1,1.6094379,16
1,1,1.547403,25
1,1,1.591879,36
1,0,1.800329,49
1,0,1.820029,64
1,1,1.799961,81
0,0,2.362335,100
0,0,1.541165,9
0,0,1.8056051,16
0,0,1.975682,25
0,0,1.791939,36
0,0,1.855317,49
0,0,1.275378,64
0,0,1.5575809,81
0,0,1.1346461,100
0,0,2.6911931,25
0,0,.4462871,36
0,0,1.547403,49
0,1,1.727121,64
0,0,1.07302,81
0,0,1.770781,100
1,0,2.030622,121
1,0,1.907599,144
0,0,1.137845,4
0,0,1.089582,9
0,0,2.030118,16
0,1,1.044562,25
0,0,1.12977,36
0,0,1.195634,49
0,0,1.574935,64
1,0,1.907198,81
0,0,.41129941,4
0,0,1.6835459,9
0,0,1.2794451,16
1,0,1.59812,25
1,1,1.232993,36
1,0,1.472288,49
1,0,1.2198009,64
1,0,1.669188,81
0,0,1.630321,9
1,0,1.5939341,16
1,0,1.656602,25
1,0,1.7860349,36
1,0,1.6034091,49
1,0,1.678498,64
1,0,1.8512551,81
1,0,1.529426,100
0,0,1.66573,4
1,0,2.9004221,9
1,0,1.764315,16
1,0,1.339218,25
1,0,1.533066,36
1,0,1.797214,49
1,0,1.689169,64
1,1,3.3125269,81
0,0,1.448,9
1,0,1.817077,16
1,0,1.755042,25
1,0,1.453232,36
1,0,1.492421,49
1,0,1.053295,64
1,0,1.50271,81
1,1,1.483785,100
0,0,1.5162081,4
0,0,.82098049,9
0,0,1.2560509,16
0,0,1.109858,25
0,0,1.394864,36
0,0,1.4206491,49
0,0,1.977487,64
1,0,1.9638391,81
0,0,.2440268,16
0,0,1.0009151,25
0,0,.98203439,36
0,0,1.060434,49
0,0,1.024894,64
0,0,1.099071,81
0,0,1.281428,100
0,0,1.1219209,121
0,0,1.117427,1
0,0,.75325108,4
1,0,1.300583,9
1,0,1.453692,16
1,0,1.50476,25
1,0,1.48566,36
1,0,1.601324,49
1,0,1.506669,64
0,0,1.528042,4
0,0,1.6322531,9
0,0,1.635695,16
0,0,1.72541,25
0,0,1.5092959,36
0,0,1.490893,49
0,0,1.563573,64
0,0,1.5246069,81
1,0,1.599236,4
1,0,1.323711,9
1,0,1.517035,16
1,0,1.463786,25
1,0,1.557502,36
1,0,1.5831341,49
1,0,1.572749,64
1,0,1.607494,81
0,0,.65189862,4
0,0,.91351682,9
0,0,.65358472,16
0,0,1.195536,25
0,0,1.626086,36
0,0,1.819571,49
1,1,1.936413,64
1,1,2.0082779,81
0,0,1.119496,4
0,0,1.260981,9
0,0,1.193231,16
1,0,1.203873,25
1,0,1.3993241,36
1,0,1.290794,49
1,0,1.28071,64
1,0,1.301463,81
1,0,1.562143,4
1,0,1.4685709,9
1,0,1.297461,16
1,0,1.296785,25
1,0,1.450801,36
1,0,1.522143,49
1,0,1.614381,64
1,0,1.8309669,81
1,0,1.339523,4
1,0,1.486836,9
1,0,1.520969,16
1,0,1.407397,25
1,0,1.324928,36
1,0,1.3878959,49
1,0,1.623737,64
1,0,1.390475,81
0,0,1.093605,25
0,0,1.412752,36
0,0,1.235464,49
0,0,1.2994,64
1,0,1.033851,81
1,0,1.3231339,100
1,0,1.55015,121
1,0,1.563827,144
1,0,1.2640769,16
1,0,1.339337,25
1,0,1.72527,36
1,0,1.597813,49
1,0,1.698051,64
1,0,1.765962,81
1,0,2.004765,100
1,0,2.0362689,121
0,0,1.6483279,25
0,0,1.5353301,36
0,0,1.530609,49
0,0,1.8300591,64
1,0,2.0577061,81
1,0,2.235965,100
1,0,2.393579,121
1,0,2.1769321,144
0,0,1.2883691,4
0,0,1.5127079,9
0,0,1.26599,16
0,0,1.3507169,25
1,0,1.474907,36
1,0,1.482772,49
1,0,1.563573,64
1,0,1.628366,81
0,0,1.4123189,64
1,0,1.984131,81
1,0,1.66952,100
1,0,1.138881,121
1,0,1.474291,144
1,0,1.4771529,169
1,0,2.688983,196
1,1,1.368434,225
0,0,1.998046,4
1,0,1.6094379,9
1,0,1.691572,16
1,0,1.875497,25
1,0,1.778123,36
1,0,1.872391,49
1,0,1.782618,64
1,0,1.822239,81
0,0,1.178511,4
0,1,1.427116,9
0,0,1.426978,16
0,1,1.656075,25
0,0,1.87948,36
1,0,1.632911,49
1,0,1.7840461,64
1,1,1.5814821,81
1,0,1.845683,4
1,0,1.785477,9
1,0,2.006314,16
1,0,1.9493901,25
1,0,2.017014,36
0,0,1.957906,49
0,0,1.983336,64
0,0,2.030978,81
0,0,1.429768,9
0,0,1.294198,16
0,0,1.585143,25
0,1,1.34188,36
0,1,1.256319,49
0,0,1.180582,64
0,0,1.165345,81
0,1,1.276145,100
0,0,1.676231,1
0,0,1.500957,4
1,0,1.690503,9
1,0,1.6693209,16
1,0,1.682546,25
1,0,1.910543,36
1,0,1.884245,49
1,0,2.1899841,64
0,0,1.712971,16
1,0,1.810109,25
1,1,1.46736,36
1,1,1.740914,49
1,1,1.713318,64
1,1,2.133687,81
1,1,2.074398,100
1,1,2.1123929,121
0,0,1.829711,4
1,0,1.93486,9
1,0,1.863256,16
1,0,1.560059,25
1,0,1.928679,36
1,0,1.981323,49
1,0,2.0586569,64
1,0,2.148761,81
1,1,1.204926,9
1,0,1.0185699,16
1,0,1.314597,25
1,0,1.470518,36
1,0,1.445478,49
1,0,1.7088031,64
1,0,2.3818829,81
1,1,1.5891449,100
1,1,1.048965,25
1,1,1.278188,36
1,0,1.663936,49
1,1,1.637118,64
1,1,1.8448271,81
1,0,1.920112,100
1,0,2.3212581,121
1,0,2.0746529,144
1,1,1.3028179,16
1,0,1.386294,25
1,0,1.134215,36
1,0,1.8431931,49
1,0,1.9544801,64
1,0,1.920112,81
1,1,1.923575,100
1,0,1.907599,121
1,0,-.88768548,16
1,0,1.232144,25
1,0,1.349577,36
1,0,1.624676,49
1,0,1.629716,64
1,0,2.3453829,81
1,0,.99194151,100
1,0,1.568544,121
0,0,1.268728,9
0,0,1.588236,16
0,0,1.363681,25
1,0,1.457234,36
1,0,1.3795969,49
1,0,1.080996,64
1,0,1.37965,81
1,0,1.455614,100
0,0,1.129546,9
0,0,.96408141,16
0,1,1.258171,25
0,0,1.150046,36
0,0,1.474907,49
0,0,1.514647,64
0,0,1.28071,81
0,0,1.2134219,100
0,0,-1.113822,1
0,0,1.501593,4
0,0,1.1758389,9
0,0,1.491691,16
0,0,1.864868,25
0,0,1.764589,36
0,0,1.813514,49
0,0,1.952051,64
0,0,.43465191,4
0,0,1.770324,9
0,0,1.8131059,16
0,0,1.8431931,25
0,0,1.8543971,36
0,0,1.820029,49
0,0,1.638656,64
0,0,1.881587,81
1,0,1.222404,4
1,0,2.3220029,9
1,0,1.870034,16
1,0,1.124416,25
1,0,1.3639849,36
1,0,1.811603,49
1,0,1.843592,64
1,0,1.781983,81
0,0,1.856792,4
0,0,1.8246109,9
0,0,1.8870699,16
0,0,1.928351,25
0,0,2.088012,36
0,0,2.0536439,49
0,0,2.1136191,64
0,0,2.148761,81
0,0,.67638397,16
0,0,.5407809,25
0,0,.19500969,36
0,0,.38263139,49
0,0,1.104257,64
0,0,1.0663739,81
0,0,1.202443,100
0,0,1.046191,121
0,0,.77427047,9
0,0,.28935009,16
0,0,.90648901,25
1,1,.33911571,36
1,1,1.212543,49
1,1,1.5024149,64
0,0,1.2770931,81
0,1,-.1910087,100
0,0,1.091325,4
0,0,.92020458,9
0,0,1.061895,16
0,0,1.214584,25
0,0,1.357124,36
0,0,.4206551,49
0,0,1.268396,64
0,0,1.380505,81
0,1,1.761349,16
0,0,1.912387,25
0,0,1.459234,36
1,0,1.318137,49
1,0,1.306779,64
1,1,1.684736,81
1,0,1.757561,100
1,0,1.534379,121
0,0,1.19087,4
0,0,1.74894,9
1,0,1.894471,16
1,0,1.72541,25
1,0,1.644806,36
1,0,1.751642,49
1,0,1.773293,64
1,0,1.99461,81
0,0,1.3287309,49
1,0,1.595333,64
1,0,1.762514,81
1,0,1.8521399,100
1,0,1.920579,121
1,0,1.966632,144
1,0,1.991017,169
1,0,1.973557,196
0,0,1.2587579,25
0,1,1.418043,36
0,1,1.179678,49
0,1,1.720814,64
0,1,1.450214,81
0,1,1.440539,100
0,1,1.420472,121
0,1,1.706928,144
1,1,1.630321,4
1,1,1.641974,9
1,1,1.649681,16
1,1,1.712831,25
1,0,1.9544801,36
0,1,1.966632,49
1,0,2.169708,64
1,1,2.0746529,81
0,0,1.2287101,49
0,0,1.542747,64
0,0,.82006103,81
1,0,.65277332,100
1,0,.91529119,121
1,0,1.278432,144
1,0,1.259204,169
1,0,1.586434,196
0,1,2.1909499,4
0,0,2.0200181,9
1,0,1.864072,16
1,0,1.89726,25
1,0,2.0009999,36
1,0,2.094466,49
1,0,2.1513591,64
1,0,2.148761,81
0,0,1.471382,4
1,0,1.403839,9
1,0,1.402902,16
1,0,1.893411,25
1,0,1.9996361,36
1,0,2.0864339,49
1,0,2.1513591,64
1,0,2.1123929,81
0,0,1.791286,4
0,0,2.0050089,9
0,0,2.0835459,16
0,0,2.1888421,25
1,0,2.226162,36
1,0,2.293535,49
1,0,2.2815709,64
1,0,2.494854,81
0,1,1.401871,16
0,1,1.241713,25
0,1,1.2188981,36
0,1,1.437728,49
0,1,1.271966,64
0,1,.82150018,81
0,1,1.2926379,100
1,1,1.253672,121
0,1,2.3618,4
0,0,1.969398,9
0,1,2.1179471,16
0,1,2.088315,25
0,1,2.5222969,36
0,0,1.662939,49
0,0,1.918696,64
0,1,1.503203,81
0,1,1.342639,9
0,0,1.347074,16
0,0,1.46736,25
0,1,1.437728,36
0,1,1.474907,49
0,1,1.440539,64
0,1,1.563573,81
0,1,1.64977,100
1,1,1.041834,16
1,1,1.6835459,25
1,1,1.46736,36
1,1,1.517771,49
1,1,1.549015,64
1,1,1.820029,81
1,1,1.8512551,100
0,1,1.861079,121
0,0,.9247514,49
0,1,.98904473,64
0,0,.77421272,81
0,0,1.049505,100
0,0,1.529967,121
1,0,1.7088031,144
1,0,1.727957,169
1,0,1.701063,196
0,1,1.311359,9
0,0,1.276543,16
0,0,1.862113,25
0,0,1.757597,36
0,0,1.720072,49
0,0,1.765962,64
0,0,1.9275171,81
1,0,1.952051,100
1,0,1.860551,4
1,0,2.048897,9
1,0,1.992835,16
1,0,1.874446,25
1,0,1.203503,36
1,0,1.619741,49
1,0,2.074398,64
1,0,1.772866,81
0,1,1.192349,9
0,0,2.2413621,16
0,0,2.311621,25
0,1,1.816002,36
0,0,1.533093,49
0,0,1.846898,64
0,0,1.977044,81
1,0,1.765872,100
0,1,1.3795069,25
0,0,1.779337,36
0,0,1.2231489,49
0,0,1.255406,64
0,0,1.544433,81
0,0,1.301095,100
1,0,1.563573,121
1,1,1.800216,144
0,0,2.4658301,4
0,0,2.541477,9
1,0,3.085834,16
1,0,3.2294869,25
1,0,2.620471,36
1,0,2.6914289,49
1,0,2.60638,64
1,0,2.235652,81
0,1,1.711406,16
0,1,1.9374191,25
0,1,2.0269761,36
1,1,2.2486579,49
1,1,2.0692539,64
1,1,2.2792721,81
1,1,2.1513591,100
1,1,2.165307,121
0,0,1.349393,4
1,0,1.6835459,9
1,0,1.690503,16
1,0,1.762224,25
1,0,1.772159,36
1,0,1.952073,49
1,0,1.946565,64
1,0,1.706928,81
0,0,1.918003,4
0,1,1.6094379,9
0,1,1.621511,16
0,1,1.660872,25
0,0,1.682546,36
0,1,1.7088031,49
0,1,1.745894,64
0,1,1.760996,81
0,0,.55678707,4
0,0,1.028316,9
0,0,1.008406,16
0,1,.94632047,25
0,1,1.195068,36
0,1,1.110786,49
0,0,1.224699,64
0,0,1.066363,81
0,1,1.342639,64
0,0,1.389872,81
1,0,1.480263,100
1,0,1.3701349,121
1,0,1.1185451,144
1,0,1.4004869,169
1,0,1.1113859,196
1,0,1.907599,225
0,1,1.328156,16
0,1,1.347074,25
0,1,1.380348,36
0,1,1.3507169,49
0,1,1.435686,64
0,1,1.58364,81
0,1,1.253418,100
0,1,1.5891449,121
0,0,1.376056,25
0,0,1.390224,36
0,0,1.439328,49
0,0,1.604782,64
0,0,1.490175,81
0,0,1.440539,100
0,0,1.222646,121
0,0,1.296299,144
0,0,1.35148,1
0,1,1.417183,4
0,0,1.599519,9
1,0,1.683883,16
1,0,1.681777,25
1,1,1.680153,36
1,1,1.967356,49
1,1,1.934489,64
0,1,1.150748,4
0,1,1.442322,9
0,1,.89075291,16
0,0,1.150268,25
0,0,1.220673,36
0,0,.88753891,49
1,1,1.409814,64
1,1,1.5891449,81
0,0,1.289394,1
0,0,1.408414,4
0,1,1.666749,9
0,1,2.1729391,16
0,1,1.8920799,25
1,1,2.4608469,36
0,1,2.4013009,49
0,1,2.4043679,64
1,0,1.9392051,36
0,1,1.307421,49
0,0,1.420403,64
0,0,.55609697,81
0,0,1.404191,100
0,0,1.743489,121
0,0,1.478366,144
0,0,1.462543,169
0,0,1.381279,4
0,0,1.660278,9
0,0,1.828351,16
0,0,1.980111,25
0,0,2.1539669,36
0,0,2.090976,49
0,0,2.125407,64
0,0,2.1699629,81
0,1,1.3155611,9
1,0,1.372543,16
1,0,1.482263,25
1,0,1.591879,36
1,0,1.682546,49
1,1,1.414324,64
1,0,1.937986,81
1,1,2.0354321,100
0,0,1.339411,4
0,1,1.93486,9
0,1,1.21093,16
0,1,.93489808,25
1,1,1.650821,36
1,1,1.799449,49
1,1,1.900045,64
1,1,1.952051,81
1,1,1.407178,25
1,1,1.6094379,36
1,1,1.63492,49
1,1,1.72541,64
1,0,1.880372,81
1,1,1.935892,100
1,1,2.1513591,121
1,1,1.907599,144
0,0,1.178336,1
0,0,1.131652,4
0,1,1.172243,9
1,0,1.235204,16
1,1,1.440804,25
1,1,1.419757,36
1,1,1.6989371,49
0,1,1.178565,64
1,0,1.758373,4
1,0,1.735064,9
1,0,1.827363,16
1,0,1.82072,25
1,0,2.0217919,36
1,0,1.976683,49
1,0,1.956615,64
1,0,2.0660689,81
0,0,1.416451,9
0,0,1.229291,16
0,0,1.440793,25
0,0,2.405623,36
0,0,2.0282919,49
0,0,1.114163,64
0,0,1.495195,81
0,0,1.5150369,100
0,0,1.794139,1
0,0,2.937463,4
0,0,3.472707,9
0,0,2.97051,16
0,0,3.777492,25
0,0,4.0518599,36
0,0,3.2929089,49
0,0,3.0963039,64
0,0,.90407401,1
0,0,1.187443,4
0,1,.85370731,9
0,0,1.695105,16
0,1,1.14035,25
0,0,1.035074,36
0,0,1.49458,49
0,0,1.432799,64
0,1,1.7459151,4
0,0,1.509673,9
0,0,1.5727201,16
0,0,1.2300889,25
0,0,1.9392231,36
1,0,2.00211,49
1,0,2.033576,64
1,0,2.104254,81
0,0,2.205955,4
0,0,2.07727,9
0,0,2.3430891,16
0,0,2.2670071,25
0,0,2.3358481,36
0,0,2.359916,49
0,0,2.5444019,64
0,0,2.2742479,81
0,0,1.476083,16
0,1,2.2008021,25
0,0,.95822787,36
0,0,1.965574,49
1,0,1.636952,64
1,0,1.649909,81
1,0,1.943311,100
1,0,2.0170829,121
1,0,2.222182,25
0,1,2.2443161,36
0,1,2.160507,49
0,1,2.2109179,64
0,1,2.343945,81
0,1,2.416549,100
0,1,2.410871,121
1,1,2.3575161,144
1,1,1.841252,25
1,1,1.752539,36
1,1,1.815667,49
1,1,1.8431931,64
1,1,1.800329,81
1,0,1.765962,100
1,1,1.8512551,121
1,1,1.733726,144
0,0,1.396486,4
0,0,1.583339,9
0,0,1.91631,16
0,0,1.899482,25
0,0,2.1570849,36
0,0,2.207794,49
0,0,2.3007021,64
0,0,2.6822779,81
0,0,2.0357859,9
0,0,1.906689,16
0,0,2.215857,25
0,0,.38525689,36
0,0,1.4487211,49
0,0,1.772393,64
0,0,1.364382,81
0,0,1.6046489,100
0,0,1.579028,9
0,0,1.624705,16
0,0,1.729724,25
1,0,1.765844,36
1,0,1.290984,49
1,0,-.88955629,64
1,0,1.8706729,81
1,0,2.089921,100
0,0,1.735682,4
0,0,1.574071,9
0,0,1.441596,16
0,0,2.547256,25
0,0,2.991473,36
1,0,3.0114441,49
1,0,3.0992751,64
1,0,3.096662,81
0,1,1.69486,121
0,0,1.732548,144
0,0,1.469597,169
0,0,1.591879,196
0,0,1.743171,225
0,0,1.581781,256
0,0,1.1203671,289
0,0,1.621686,324
0,1,1.587962,81
1,0,1.548813,100
0,0,1.550532,121
0,0,1.39495,144
0,0,1.474907,169
0,0,1.379915,196
0,0,1.43622,225
0,0,1.6580009,256
0,0,1.106672,121
0,0,1.241713,144
0,0,1.419569,169
0,0,1.591879,196
0,0,1.584908,225
0,0,1.514647,256
0,0,1.407227,289
0,0,1.707803,324
0,0,1.238759,4
0,0,1.386294,9
0,0,1.458992,16
0,0,1.3507169,25
0,0,1.357124,36
0,0,1.453962,49
0,0,1.406287,64
0,0,1.352756,81
0,1,1.914513,4
0,1,1.843053,9
0,1,1.715125,16
1,1,1.398005,25
1,1,1.682546,36
1,1,1.871322,49
1,0,1.952794,64
1,1,2.3704319,81
1,0,1.448,81
1,0,1.347074,100
1,0,1.589628,121
1,0,1.64496,144
1,0,1.474907,169
1,0,1.4915251,196
1,0,1.563573,225
1,0,1.410776,256
1,0,2.238261,4
1,0,2.2848849,9
1,0,2.0621419,16
1,0,2.269026,25
1,0,.78371489,36
1,0,3.2396791,49
1,0,2.397604,64
1,0,3.221941,81
0,1,.424667,36
1,0,1.442384,49
0,0,1.433596,64
0,0,1.396142,81
0,1,1.421182,100
0,1,1.384125,121
0,1,1.309657,144
0,0,.97166443,169
0,0,1.950793,25
0,0,1.915413,36
0,0,1.938935,49
0,0,2.154829,64
0,0,1.179443,81
0,0,1.39722,100
0,1,1.812193,121
0,1,2.0725119,144
1,0,1.824752,9
1,1,1.971228,16
1,1,2.3330619,25
1,1,2.2486579,36
1,1,2.1351199,49
1,1,2.3687251,64
1,1,2.3486569,81
1,0,2.34427,100
0,0,1.442858,0
0,0,1.420812,1
0,0,1.690503,4
0,1,1.647449,9
0,1,1.9544801,16
0,0,1.871322,25
0,1,2.0059879,36
0,1,1.6737961,49
0,0,1.779357,4
0,0,1.699294,9
0,0,1.637259,16
0,0,1.668252,25
1,0,1.682546,36
1,0,1.596885,49
1,0,1.682178,64
1,1,1.834268,81
0,0,1.415166,9
1,0,1.5570019,16
1,0,2.0576129,25
1,0,1.351786,36
1,1,1.3878959,49
1,0,1.425922,64
1,0,1.520667,81
1,0,1.5246069,100
0,0,1.964308,9
0,1,2.03017,16
0,1,2.0734961,25
0,0,2.043864,36
1,1,2.088012,49
1,1,2.133687,64
1,0,2.1136191,81
1,1,1.952051,100
0,0,1.027866,4
0,1,.98416817,9
0,0,1.456473,16
0,0,1.333715,25
0,0,1.417556,36
0,0,1.557207,49
0,0,1.643181,64
0,0,1.950716,81
1,0,1.391247,64
1,0,1.4943039,81
1,0,1.440744,100
1,0,1.4002531,121
1,0,1.474589,144
1,0,1.406291,169
1,0,1.463256,196
1,0,1.567807,225
1,1,1.293391,36
1,0,1.6094379,49
1,0,1.46736,64
1,0,1.547778,81
1,0,1.6113189,100
1,0,1.576951,121
1,0,1.706229,144
1,0,1.706928,169
0,0,1.17241,4
0,1,.42694411,9
0,0,1.510015,16
0,1,-.069549397,25
0,1,1.827728,36
1,1,1.7933609,49
1,1,1.991017,64
1,1,1.952051,81
0,0,1.3518161,4
0,0,1.196251,9
0,0,.6411621,16
0,0,1.1161439,25
0,0,.98939919,36
0,0,1.1373529,49
0,0,1.052747,64
1,0,1.214452,81
0,0,.96249181,25
0,1,1.03413,36
0,1,.85425532,49
0,1,1.091686,64
0,0,.8558678,81
0,0,.82150018,100
0,1,.934964,121
0,0,1.013781,144
0,1,1.856128,25
0,1,2.1806121,36
1,1,2.426652,49
1,1,2.3727939,64
1,1,2.703573,81
1,1,2.9219,100
1,0,2.164912,121
1,0,1.886791,144
0,0,.55440032,4
0,1,1.115962,9
0,0,1.31537,16
1,0,1.259904,25
1,0,1.296499,36
1,0,-1.155182,49
1,0,1.288348,64
1,0,1.366002,81
1,0,1.198259,1
1,0,1.529395,4
1,1,1.526783,9
1,1,1.497151,16
1,1,1.514128,25
1,1,1.7282211,36
1,1,-.69979173,49
1,1,1.580634,64
0,0,1.194742,9
0,0,1.183354,16
0,0,1.1376981,25
0,0,1.3670371,36
1,0,1.344394,49
0,0,1.532264,64
0,0,1.192793,81
0,0,1.067848,100
0,0,1.638043,4
0,0,1.783048,9
0,0,1.638513,16
1,0,1.770872,25
1,0,1.9731309,36
1,0,2.022145,49
1,0,1.92375,64
1,0,2.0354321,81
0,0,.80918682,1
1,0,1.263692,4
1,0,1.354564,9
1,0,1.470518,16
1,0,1.363681,25
1,0,1.819571,36
1,0,1.537006,49
1,0,1.5246069,64
0,0,1.2277091,9
0,0,1.167828,16
0,0,.7084505,25
0,0,.96150112,36
1,0,.6740973,49
1,0,.98430192,64
1,0,.7273246,81
0,0,.74901593,100
0,0,-.7648809,9
0,0,1.649516,16
0,0,1.872825,25
0,0,1.6133749,36
0,0,1.627983,49
0,0,1.6481791,64
0,0,1.79682,81
0,0,1.67623,100
0,1,.99207407,9
0,0,.8982361,16
0,0,.96999079,25
0,0,.80400431,36
0,0,1.305523,49
0,1,1.476625,64
0,0,-.98120421,81
0,0,.79111838,100
0,1,1.521122,36
0,1,1.13498,49
0,1,1.755042,64
0,1,1.7860349,81
0,1,1.8543971,100
0,1,1.920112,121
0,1,1.946565,144
0,1,1.952051,169
0,0,1.224856,4
0,0,1.3567359,9
0,0,1.537357,16
1,0,1.749195,25
1,1,1.667678,36
1,0,1.495128,49
1,0,1.235549,64
1,0,.82337928,81
0,0,1.700794,16
0,0,1.550249,25
0,0,1.679744,36
0,0,1.7860349,49
0,0,1.682546,64
0,0,1.622861,81
0,0,1.85579,100
0,0,1.688991,121
1,0,1.6156369,9
1,0,1.980008,16
1,0,1.844273,25
1,0,1.622108,36
1,0,1.801291,49
1,0,1.586156,64
1,0,1.547531,81
1,0,1.546586,100
1,0,1.659196,81
1,0,1.325931,100
1,0,1.5719,121
1,0,1.437728,144
1,0,1.515763,169
1,0,1.432817,196
1,0,1.529671,225
1,0,1.74711,256
1,0,1.425527,9
1,0,1.198307,16
1,0,1.520725,25
1,0,1.994583,36
1,0,1.7099791,49
1,0,1.829947,64
1,0,2.4572091,81
1,0,1.569501,100
0,1,1.007498,4
0,1,2.065973,9
0,1,2.1979899,16
0,1,2.297929,25
0,1,2.1711841,36
0,1,2.240732,49
0,1,2.22755,64
0,1,2.220964,81
0,0,1.5313621,9
0,0,1.677315,16
0,0,1.240877,25
0,0,1.482766,36
0,0,1.210621,49
0,0,1.633859,64
1,0,1.7569439,81
1,0,1.861079,100
0,0,1.244274,4
0,0,.83528697,9
0,0,1.179678,16
1,0,1.243675,25
1,0,1.675361,36
1,0,1.6337529,49
1,0,1.593886,64
1,0,1.537852,81
1,1,1.297177,4
1,1,1.326871,9
1,1,1.2810301,16
1,1,1.342593,25
1,1,1.33476,36
1,1,1.489141,49
1,1,1.760325,64
1,1,1.627703,81
0,1,1.2306449,16
0,1,1.326871,25
0,0,1.285125,36
0,0,1.169464,49
1,0,1.226643,64
1,0,1.2734849,81
1,1,1.262468,100
1,0,1.1191421,121
0,0,1.2662801,4
0,0,1.397786,9
0,0,1.504921,16
0,0,1.517771,25
0,0,1.509887,36
0,0,1.888038,49
0,0,1.763633,64
0,0,1.892331,81
0,0,2.058924,16
0,0,2.2924969,25
0,1,2.298985,36
0,1,2.4020469,49
1,1,2.390965,64
1,1,2.4065039,81
1,1,2.519084,100
1,1,2.5248539,121
0,0,1.429428,25
0,0,1.442384,36
0,0,1.5792741,49
0,0,1.490573,64
0,0,1.788857,81
1,0,1.602266,100
1,0,1.498032,121
0,0,2.1187129,144
0,0,.98167169,4
1,0,-.2209188,9
0,0,1.185464,16
1,0,1.3969131,25
1,0,1.307853,36
1,0,1.652714,49
1,0,1.158108,64
1,0,.45951709,81
0,1,1.241183,4
1,1,1.271414,9
1,0,1.423654,16
1,0,1.160251,25
1,0,1.228117,36
1,0,1.383844,49
1,1,1.149982,64
1,1,1.156882,81
0,0,1.0475219,16
0,1,1.12393,25
0,1,1.061895,36
0,0,.92690241,49
0,1,1.050024,64
0,0,1.0728149,81
0,1,1.117286,100
0,0,1.1191421,121
1,0,1.556034,16
1,0,2.0005331,25
1,0,1.585919,36
0,0,1.740366,49
0,0,1.866268,64
0,0,2.133687,81
0,0,2.1547771,100
0,0,1.939658,121
0,0,1.451502,9
0,1,2.276037,16
0,0,2.0111761,25
0,1,2.2271781,36
0,0,2.205795,49
0,0,2.207794,64
0,0,2.187727,81
1,1,2.0746529,100
0,1,1.8126431,4
0,1,1.9676501,9
0,1,2.0689399,16
0,1,2.2109179,25
0,1,2.343945,36
0,1,2.309577,49
0,1,2.3818829,64
0,1,2.2822919,81
0,0,1.829711,16
0,0,1.483992,25
0,0,1.460391,36
0,1,1.41241,49
0,0,1.074813,64
0,0,1.7201459,81
1,0,2.174655,100
1,0,1.812289,121
0,0,1.399806,49
0,0,1.391407,64
0,0,1.380151,81
1,1,1.733837,100
1,0,1.556777,121
1,0,1.764923,144
1,0,1.673063,169
1,1,1.301856,196
0,0,1.579336,9
0,0,1.6003129,16
0,0,2.400315,25
0,1,2.361105,36
0,1,2.273077,49
0,1,2.443347,64
0,1,2.5034261,81
0,1,2.309376,100
0,1,1.6018831,1
0,0,1.4293979,4
0,0,-1.216737,9
0,0,1.106963,16
0,1,1.246191,25
0,0,1.4158469,36
0,0,1.668933,49
0,1,1.727523,64
0,0,-.073552497,16
0,0,1.293026,25
0,0,1.634414,36
1,0,1.688526,49
1,0,1.618008,64
0,0,1.514647,81
1,0,1.468529,100
1,0,1.706928,121
0,0,1.106829,81
1,0,1.027746,100
1,0,1.262565,121
1,0,1.3999881,144
1,0,1.58957,169
1,0,1.491833,196
1,0,1.373515,225
1,0,1.4594671,256
1,0,1.224856,49
1,0,1.175223,64
1,0,1.596674,81
1,0,1.512975,100
1,0,1.618008,121
1,0,1.514647,144
1,0,1.8512551,169
1,1,1.861079,196
0,1,2.563854,4
0,1,2.530633,9
0,1,2.1707931,16
0,1,2.197423,25
0,1,2.4546371,36
0,1,2.0690241,49
0,0,2.4286561,64
0,1,2.6020889,81
1,0,1.501066,16
1,0,1.4036289,25
1,0,1.0584821,36
1,0,1.146991,49
1,0,1.171721,64
1,0,1.075348,81
1,0,1.077325,100
1,0,1.096669,121
1,0,1.304899,9
1,0,1.2039731,16
1,0,1.285038,25
0,0,1.173516,36
1,0,1.114524,49
1,0,1.140435,64
1,0,1.3713911,81
1,0,2.094188,100
0,0,1.0901231,1
0,0,.8966924,4
0,0,.80249339,9
0,0,1.684383,16
0,0,1.164603,25
0,0,1.729596,36
0,1,1.946565,49
0,1,2.0746529,64
0,0,1.235728,1
0,0,.99763638,4
0,0,1.450438,9
0,1,1.494705,16
0,0,1.948554,25
0,0,1.89467,36
0,0,2.256119,49
0,0,2.2665441,64
0,0,.93169439,4
0,0,.79158717,9
0,0,1.315071,16
0,0,1.437212,25
0,0,1.480093,36
0,0,1.67895,49
0,0,1.6540869,64
0,0,1.9205019,81
0,0,-.88768548,16
0,1,1.981077,25
0,1,1.966351,36
0,0,2.489866,49
0,0,2.3200271,64
0,0,2.19379,81
0,0,2.4138801,100
0,1,2.1919899,121
0,0,1.320647,9
0,0,1.107581,16
0,0,1.758895,25
0,0,1.304937,36
0,0,1.320756,49
0,0,1.514647,64
0,0,2.1136191,81
0,0,1.5713561,100
0,0,2.132865,4
0,0,2.1463959,9
0,0,2.3689001,16
1,0,2.3700111,25
1,0,2.090276,36
1,0,2.439651,49
1,0,2.548255,64
1,0,2.7547281,81
0,1,2.0357859,9
0,1,1.877702,16
0,0,1.872825,25
0,1,1.89726,36
0,1,1.90569,49
0,1,1.896015,64
0,1,2.347234,81
1,1,2.278748,100
0,0,1.050256,9
0,0,1.406853,16
0,0,.89660603,25
0,0,2.4185569,36
0,0,1.8496,49
0,0,1.756392,64
0,0,1.77847,81
1,0,1.966439,100
0,0,1.000602,4
0,0,1.185104,9
0,0,1.507081,16
0,0,1.2965519,25
0,0,1.665117,36
1,0,1.901212,49
1,1,1.820483,64
1,1,2.0217309,81
0,1,2.043009,4
0,1,1.9890569,9
0,1,1.872825,16
0,1,1.973246,25
0,1,2.023473,36
1,1,2.242028,49
1,1,2.0179031,64
1,0,2.0457771,81
0,0,1.4207309,1
0,0,1.342876,4
0,0,1.416374,9
0,0,1.578395,16
0,0,1.8858221,25
1,0,2.037503,36
1,0,2.203475,49
1,0,2.1645091,64
1,1,2.075007,25
1,1,2.1115301,36
1,1,1.992714,49
1,1,2.4658101,64
1,0,2.174324,81
1,0,1.705971,100
1,0,1.514313,121
1,0,1.6197079,144
0,0,1.119496,25
0,0,1.0791939,36
0,0,.91252422,49
0,0,1.032263,64
0,0,.98939919,81
0,0,1.0728149,100
0,0,1.052747,121
0,0,.92069072,144
1,0,1.1909111,49
1,0,1.069446,64
1,0,1.230666,81
1,0,1.134778,100
1,0,1.033851,121
1,0,1.010294,144
0,0,1.108775,169
0,0,1.211575,196
0,0,1.782337,4
0,0,1.139434,9
0,0,1.9613169,16
0,0,1.188017,25
0,0,1.960415,36
0,0,1.657094,49
0,0,1.7951649,64
0,0,1.5270129,81
0,0,1.557106,1
0,0,1.688151,4
0,1,2.160507,9
0,0,2.2374849,16
1,0,2.566278,25
1,0,2.5996981,36
1,0,2.923384,49
1,0,3.037133,64
0,0,.70281148,25
1,1,1.391992,36
1,0,1.184955,49
1,0,.92998397,64
1,0,.9260633,81
1,0,.087838702,100
1,0,2.23983,121
0,1,1.81152,144
0,0,1.650557,1
0,0,1.988927,4
0,0,2.0269761,9
1,0,2.0534539,16
1,0,2.3111551,25
1,0,2.2998531,36
1,0,2.30233,49
1,0,2.342917,64
0,0,1.8710459,16
0,0,1.116267,25
0,0,1.6588579,36
0,0,1.586764,49
0,0,-.6390869,64
0,0,1.712603,81
0,0,1.830163,100
0,0,1.571208,121
0,0,1.098562,1
0,0,1.740466,4
0,0,2.2787709,9
0,0,2.4642091,16
0,0,2.3599451,25
0,0,2.504719,36
1,0,2.493109,49
1,0,2.623219,64
0,0,1.039124,1
0,0,1.351356,4
0,0,1.660606,9
0,0,1.6001379,16
0,0,1.611243,25
0,0,1.6852551,36
0,0,1.7840461,49
0,0,1.812289,64
0,1,1.630321,4
0,0,1.771957,9
0,0,1.9781851,16
0,0,1.839354,25
0,0,1.944002,36
0,0,1.889956,49
1,0,2.1588581,64
1,1,2.1049581,81
0,0,2.245486,4
1,0,1.971709,9
1,0,2.2322509,16
1,0,2.554348,25
1,0,2.9046409,36
1,0,2.9661059,49
1,0,2.990088,64
1,0,3.131654,81
0,0,2.2809091,9
1,1,2.040221,16
1,1,2.206064,25
1,1,2.37712,36
1,1,2.246419,49
1,1,1.94059,64
1,1,2.2567201,81
1,1,2.2177539,100
0,1,1.666689,4
0,1,1.708582,9
0,1,1.8594019,16
0,1,1.821137,25
0,0,1.910225,36
0,0,1.874992,49
0,0,1.922729,64
0,0,2.0988801,81
0,0,.81768298,1
0,0,.77279931,4
0,0,1.169589,9
1,0,-.16476279,16
1,0,2.570399,25
1,0,2.587817,36
1,0,2.547612,49
1,0,2.5175281,64
0,0,1.524961,9
1,1,1.6094379,16
1,0,1.619795,25
1,1,1.650552,36
1,1,1.549015,49
1,1,1.765962,64
1,1,1.745894,81
1,1,2.1807849,100
0,0,1.251219,4
0,0,.36179,9
1,1,1.700352,16
1,0,1.076831,25
1,0,1.030221,36
1,0,1.003293,49
1,0,.89870632,64
0,0,1.390799,81
1,0,2.098068,9
1,0,2.359585,16
1,0,2.1025281,25
1,0,1.947785,36
1,0,2.05864,49
1,0,2.300416,64
1,0,.92403501,81
1,1,2.313545,100
0,1,1.448,16
0,1,1.4983341,25
0,1,1.547403,36
0,1,-.79098731,49
0,1,1.800329,64
0,1,1.407925,81
0,0,1.539819,100
0,1,1.760996,121
0,0,1.22276,4
0,0,1.171183,9
0,0,1.233745,16
0,0,1.204113,25
0,0,1.218168,36
0,0,1.232509,49
1,0,1.304711,64
1,1,1.368055,81
1,0,1.776809,16
1,0,1.829239,25
1,0,1.784884,36
1,0,1.924314,49
1,0,2.0957339,64
1,0,1.939209,81
1,0,2.1827021,100
1,0,2.1342039,121
0,1,2.063185,4
0,1,-.2623643,9
0,1,2.27829,16
0,0,2.2659781,25
1,0,2.002069,36
1,1,2.550725,49
1,0,2.3705289,64
1,0,2.4989109,81
1,0,1.918003,4
1,0,1.7334909,9
1,0,1.939564,16
1,0,2.1716969,25
1,0,2.3146579,36
1,0,2.462754,49
1,0,2.628284,64
1,0,2.660089,81
0,0,1.9989721,16
0,0,1.65026,25
0,0,1.35191,36
0,1,1.606407,49
0,1,1.8496,64
0,0,1.777324,81
0,0,1.8857991,100
0,0,2.0224669,121
0,0,1.538514,9
0,0,1.256477,16
0,1,1.705794,25
1,0,1.948554,36
1,1,2.3694241,49
1,1,2.5644701,64
1,1,2.679806,81
1,1,2.7868481,100
0,0,.85950089,16
0,0,1.442384,25
0,0,1.14484,36
0,0,1.5142061,49
0,0,1.83955,64
0,0,1.805182,81
0,0,1.557979,100
0,0,1.606387,121
0,0,1.4739749,16
0,0,.450201,25
0,0,.0924941,36
1,0,1.4454499,49
1,0,.607719,64
1,0,.84583229,81
1,1,1.03947,100
1,0,1.455614,121
0,0,1.3646179,4
0,0,1.485029,9
1,0,1.736114,16
1,0,1.750103,25
1,0,1.90569,36
1,0,1.8107229,49
1,0,2.1084239,64
1,0,1.748325,81
1,0,1.4652719,25
1,0,2.1023099,36
1,1,1.735994,49
1,0,1.263876,64
1,0,1.800329,81
1,0,1.966632,100
1,0,1.785115,121
1,0,1.71465,144
0,0,-.236821,4
0,0,.27115279,9
0,0,.23041999,16
0,0,1.4111609,25
0,0,1.692522,36
0,0,1.48566,49
1,0,1.895031,64
1,0,1.952051,81
0,0,1.224856,4
0,0,1.442384,9
0,0,1.5007139,16
0,0,1.523447,25
0,0,1.5883729,36
0,0,1.520888,49
0,0,1.457437,64
0,0,1.8936909,81
0,1,1.448,16
0,1,1.6094379,25
0,1,1.547403,36
0,1,1.660805,49
0,1,1.743171,64
0,1,1.7933609,81
0,1,1.8512551,100
0,1,1.99461,121
0,0,1.235906,9
0,0,1.134671,16
0,0,.91787487,25
0,0,1.202104,36
0,0,1.518409,49
0,0,1.178175,64
1,0,1.458212,81
1,0,1.393294,100
1,0,1.667544,25
1,0,1.583953,36
1,0,1.7407219,49
1,0,1.72541,64
0,0,1.743171,81
1,0,1.765962,100
0,0,1.745894,121
0,0,1.861079,144
0,1,2.127964,4
1,0,1.817077,9
1,0,2.160507,16
1,0,2.1080611,25
1,0,2.560215,36
1,0,2.276787,49
1,0,2.4591949,64
1,0,2.3876531,81
0,0,.1135047,1
1,1,1.6835459,4
1,1,1.9189661,9
1,1,1.981344,16
1,1,1.48833,25
1,1,1.475057,36
1,0,1.799961,49
1,0,2.130743,64
0,0,1.630321,4
0,0,1.6835459,9
0,0,1.690503,16
0,0,1.89726,25
1,0,1.682546,36
1,0,2.0985949,49
1,1,.59301227,64
1,0,.94972342,81
0,0,.17788699,16
0,0,1.324419,25
0,0,.92349118,36
0,0,1.186345,49
0,0,1.060369,64
0,0,.99851668,81
0,0,2.2835181,100
0,0,1.381506,121
1,0,1.630321,4
1,1,2.5346971,9
1,1,2.448189,16
1,1,2.3540189,25
1,1,2.241297,36
1,1,2.3299339,49
1,1,2.457391,64
1,0,1.966439,81
0,0,1.260085,4
0,0,1.364316,9
0,0,1.547403,16
0,0,1.3148299,25
0,0,1.212543,36
1,0,1.178175,49
1,0,1.628111,64
1,0,1.594287,81
0,0,.50981891,4
0,0,1.463415,9
1,0,1.50658,16
1,0,1.743986,25
1,0,1.9544801,36
1,0,2.0110841,49
1,0,2.033576,64
1,0,2.1748481,81
0,1,2.1511681,9
0,1,1.8697211,16
0,0,1.5349801,25
0,0,1.160315,36
0,0,1.3255301,49
0,0,1.412456,64
0,0,1.628111,81
0,0,1.706928,100
0,0,1.048965,16
0,0,1.112803,25
0,0,1.074279,36
0,0,1.52404,49
0,0,1.267603,64
0,0,1.157053,81
0,0,.814336,100
0,0,1.180608,121
0,0,1.213384,9
0,0,.88057268,16
0,0,1.042967,25
0,1,.84994137,36
0,1,.68970168,49
0,0,.76220733,64
0,0,.90964621,81
0,0,1.381506,100
1,0,1.495731,16
1,0,1.52196,25
1,0,1.452967,36
1,0,1.739929,49
1,0,1.892585,64
1,0,2.20579,81
1,0,1.925704,100
1,0,2.2599199,121
0,0,1.056437,9
0,0,-1.417066,16
0,0,-.6700455,25
1,0,.7026825,36
1,0,.71293372,49
1,0,.82005888,64
1,0,1.06874,81
1,0,1.039099,100
1,0,1.216969,36
1,0,1.053912,49
1,0,1.253163,64
1,1,1.3507169,81
1,1,1.3523051,100
1,1,1.251297,121
1,1,1.362525,144
1,0,1.1836801,169
1,1,1.093465,9
1,0,.99933273,16
1,0,1.04721,25
1,0,.45133629,36
1,0,.80281317,49
1,0,.70657021,64
1,0,1.074726,81
0,0,.6946283,100
0,0,.95541632,9
0,0,1.666008,16
0,0,1.019452,25
0,0,1.085398,36
0,0,.95028812,49
0,0,1.387394,64
0,0,1.558776,81
0,0,1.599298,100
0,0,1.739535,25
0,0,.89012098,36
0,0,1.482263,49
0,0,1.075938,64
0,0,1.520969,81
0,0,1.603924,100
0,0,1.3404289,121
0,0,2.117213,144
0,0,1.159187,4
0,0,1.529395,9
0,0,1.46736,16
0,0,1.502267,25
0,0,1.345708,36
0,0,1.407174,49
0,0,1.842593,64
0,0,2.3701029,81
0,0,1.1651371,4
0,0,1.949764,9
0,0,1.946097,16
0,0,1.987774,25
0,0,2.1158681,36
0,0,2.2539141,49
0,0,2.319288,64
0,0,2.275609,81
0,1,1.591856,9
0,1,2.0015669,16
0,1,2.650142,25
0,1,2.4524591,36
0,1,2.1680541,49
1,1,2.372097,64
1,1,2.085448,81
1,1,1.98228,100
0,0,1.9418139,9
0,0,1.634756,16
0,0,1.668031,25
0,0,1.638399,36
0,0,1.340995,49
1,0,1.19142,64
1,0,1.576818,81
1,0,1.366002,100
1,0,1.265678,100
1,0,1.711102,121
1,0,1.652455,144
1,0,1.4257129,169
1,0,1.4786119,196
1,0,1.578281,225
1,0,1.524608,256
1,0,1.723996,289
0,0,1.818074,16
0,0,2.0275519,25
0,0,2.415343,36
0,0,2.2320781,49
0,0,2.542748,64
0,0,2.027668,81
0,0,2.2228179,100
0,0,2.238106,121
0,0,1.428417,4
0,0,1.540772,9
0,0,1.5476871,16
0,0,1.361333,25
0,0,1.768889,36
0,0,1.77767,49
1,0,1.4167579,64
1,0,1.6350189,81
0,0,1.1703629,4
1,0,1.496605,9
1,0,1.553672,16
1,0,1.646462,25
1,0,1.818679,36
1,0,1.754424,49
1,0,1.8873791,64
1,0,1.814773,81
0,1,.0147482,16
0,1,.43978429,25
0,0,1.448783,36
0,0,1.255406,49
0,0,1.327271,64
0,1,1.421491,81
0,0,1.456839,100
0,0,1.381506,121
0,0,1.448,16
0,0,1.7334909,25
0,1,1.872825,36
0,0,2.0437131,49
0,0,2.2321329,64
0,0,2.040031,81
0,0,-.2281868,100
0,0,2.0354321,121
0,0,1.640954,4
0,0,1.915812,9
1,0,2.307313,16
1,0,2.641701,25
1,0,2.6521101,36
1,0,2.443841,49
1,0,2.030237,64
1,0,2.2822919,81
0,0,.41487589,1
0,0,1.694234,4
1,0,1.6216429,9
1,0,1.582916,16
1,0,1.020156,25
1,0,1.33393,36
1,0,2.1976111,49
1,0,2.1743109,64
0,0,.66799128,4
0,0,1.243194,9
0,1,2.933697,16
0,0,1.7220711,25
0,0,1.549015,36
0,0,2.174509,49
0,0,2.074398,64
0,0,1.812289,81
0,0,1.1471829,1
1,0,1.114361,4
1,0,1.208187,9
1,0,1.56033,16
1,0,1.618008,25
1,0,1.871322,36
1,0,1.5585589,49
1,0,1.8126889,64
0,0,1.942335,9
0,0,1.5608031,16
0,0,1.654116,25
1,0,1.666177,36
1,0,1.815709,49
1,1,1.976683,64
1,0,2.1284361,81
1,1,2.0926721,100
0,0,-.36907771,25
0,0,1.287354,36
0,0,1.820196,49
0,0,1.471961,64
1,0,1.8095061,81
0,0,2.14414,100
0,0,1.625266,121
0,0,1.6658601,144
0,0,1.171249,4
0,0,.92953598,9
0,0,.74694359,16
0,0,.99828702,25
0,0,1.394864,36
0,0,1.53069,49
0,0,1.900045,64
0,0,1.812289,81
1,0,.94651228,81
1,0,.94160849,100
1,0,1.186673,121
1,0,.8070702,144
1,0,1.657523,169
1,0,1.535766,196
1,0,.58515012,225
1,0,1.721832,256
0,1,1.506269,9
0,0,1.285396,16
0,1,1.195426,25
0,1,1.283577,36
0,1,1.441384,49
0,1,1.451468,64
0,1,1.8302571,81
0,0,1.94582,100
0,0,1.471716,1
0,0,1.551267,4
0,1,1.690503,9
1,1,1.8431931,16
1,1,2.050271,25
1,1,1.926047,36
0,1,1.981495,49
0,1,2.1907549,64
0,0,1.542029,4
1,0,1.94591,9
1,1,1.930792,16
1,1,2.0645621,25
1,1,1.9544801,36
1,1,2.0110841,49
1,1,2.074398,64
1,1,2.2177539,81
0,0,.86434227,36
0,0,-.0327898,49
1,0,.45296559,64
1,0,.62893683,81
1,0,.74093783,100
1,0,1.178175,121
1,0,1.3404289,144
1,0,1.203199,169
0,0,.62573779,1
0,0,1.171759,4
0,0,.90315908,9
0,0,1.181937,16
0,0,1.14881,25
0,0,1.523016,36
0,0,1.161203,49
0,0,1.370456,64
0,0,1.54331,16
0,0,1.446947,25
0,0,1.61283,36
0,0,1.7860349,49
0,0,1.770957,64
0,0,1.706715,81
0,0,1.950579,100
0,0,1.89056,121
0,0,1.427848,25
0,0,1.620752,36
1,0,2.1323359,49
0,0,1.3765,64
0,0,1.970228,81
0,0,1.970665,100
0,0,1.9157929,121
0,0,1.99461,144
0,1,-.81536478,9
1,1,1.820333,16
1,1,1.743517,25
1,1,1.626405,36
1,1,1.682546,49
1,1,1.557073,64
1,1,1.444366,81
1,0,1.199618,100
1,0,.0040761,9
1,0,2.3978951,16
1,0,2.3187211,25
1,0,2.387207,36
1,1,2.303329,49
1,0,2.231142,64
1,1,2.2432971,81
1,0,2.4179051,100
0,0,1.667544,4
0,0,1.6094379,9
0,0,1.71394,16
0,0,1.268716,25
0,0,.88712043,36
0,1,1.87631,49
0,1,1.933906,64
0,1,1.974355,81
0,0,1.066488,4
0,0,1.9373111,9
0,0,1.696641,16
1,0,2.0165169,25
1,0,1.176789,36
1,0,1.491833,49
1,0,1.971969,64
1,0,1.876827,81
0,1,2.2134669,16
0,1,2.222542,25
1,1,2.201329,36
1,1,2.1716969,49
1,1,2.1680541,64
1,1,2.133687,81
1,1,2.1136191,100
1,1,2.202487,121
1,0,.97240257,16
0,0,1.324886,25
0,0,.96270698,36
1,0,.8452515,49
1,0,1.929574,64
1,0,2.037503,81
1,0,1.148221,100
1,0,1.30674,121
0,0,1.840042,4
0,0,2.174752,9
1,0,2.122767,16
1,0,2.1308751,25
1,0,2.1680541,36
1,0,2.207794,49
1,0,2.3818829,64
1,0,2.342917,81
0,0,1.130545,25
0,0,1.311603,36
0,0,.83248162,49
1,0,1.591879,64
1,1,1.212543,81
1,0,1.765962,100
1,1,1.745894,121
1,1,1.466543,144
